method,seed,base_config,params_json,gamma_pos,gamma_neg,clip,lambda_geo,tau,random_seed,best_macro_f1,collapsed,run_name
random_geoloss,42,configs/deberta_random_geoloss.yaml,"{""lambda_geo"":0.01}",,,,0.01,,,0.28508712842883066,False,tune_deberta_random_geoloss_seed42_lambda_geo0p01
random_geoloss,42,configs/deberta_random_geoloss.yaml,"{""lambda_geo"":0.05}",,,,0.05,,,0.28331167820585923,False,tune_deberta_random_geoloss_seed42_lambda_geo0p05
random_geoloss,42,configs/deberta_random_geoloss.yaml,"{""lambda_geo"":0.1}",,,,0.1,,,0.2813016425501801,False,tune_deberta_random_geoloss_seed42_lambda_geo0p1
random_geoloss,42,configs/deberta_random_geoloss.yaml,"{""lambda_geo"":0.2}",,,,0.2,,,0.2790692175153084,False,tune_deberta_random_geoloss_seed42_lambda_geo0p2
random_geoloss,7,configs/deberta_random_geoloss.yaml,"{""lambda_geo"":0.01}",,,,0.01,,,0.28570723668759473,False,tune_deberta_random_geoloss_seed7_lambda_geo0p01
random_geoloss,7,configs/deberta_random_geoloss.yaml,"{""lambda_geo"":0.05}",,,,0.05,,,0.2824669629681383,False,tune_deberta_random_geoloss_seed7_lambda_geo0p05
random_geoloss,7,configs/deberta_random_geoloss.yaml,"{""lambda_geo"":0.1}",,,,0.1,,,0.2806044899833906,False,tune_deberta_random_geoloss_seed7_lambda_geo0p1
random_geoloss,7,configs/deberta_random_geoloss.yaml,"{""lambda_geo"":0.2}",,,,0.2,,,0.27676539524363947,False,tune_deberta_random_geoloss_seed7_lambda_geo0p2
random_geoloss,1701,configs/deberta_random_geoloss.yaml,"{""lambda_geo"":0.01}",,,,0.01,,,0.28287489455661946,False,tune_deberta_random_geoloss_seed1701_lambda_geo0p01
random_geoloss,1701,configs/deberta_random_geoloss.yaml,"{""lambda_geo"":0.05}",,,,0.05,,,0.2858791613282783,False,tune_deberta_random_geoloss_seed1701_lambda_geo0p05
random_geoloss,1701,configs/deberta_random_geoloss.yaml,"{""lambda_geo"":0.1}",,,,0.1,,,0.2829356467623136,False,tune_deberta_random_geoloss_seed1701_lambda_geo0p1
random_geoloss,1701,configs/deberta_random_geoloss.yaml,"{""lambda_geo"":0.2}",,,,0.2,,,0.2736904380097397,False,tune_deberta_random_geoloss_seed1701_lambda_geo0p2
empirical_structure,42,configs/deberta_empirical_structure.yaml,"{""lambda_geo"":0.01}",,,,0.01,,,0.284189416540332,False,tune_deberta_empirical_structure_seed42_lambda_geo0p01
empirical_structure,42,configs/deberta_empirical_structure.yaml,"{""lambda_geo"":0.05}",,,,0.05,,,0.2810403213495487,False,tune_deberta_empirical_structure_seed42_lambda_geo0p05
empirical_structure,42,configs/deberta_empirical_structure.yaml,"{""lambda_geo"":0.1}",,,,0.1,,,0.269979203090458,False,tune_deberta_empirical_structure_seed42_lambda_geo0p1
empirical_structure,42,configs/deberta_empirical_structure.yaml,"{""lambda_geo"":0.2}",,,,0.2,,,0.261252601704447,False,tune_deberta_empirical_structure_seed42_lambda_geo0p2
empirical_structure,7,configs/deberta_empirical_structure.yaml,"{""lambda_geo"":0.01}",,,,0.01,,,0.2855089055603339,False,tune_deberta_empirical_structure_seed7_lambda_geo0p01
empirical_structure,7,configs/deberta_empirical_structure.yaml,"{""lambda_geo"":0.05}",,,,0.05,,,0.28134969394659975,False,tune_deberta_empirical_structure_seed7_lambda_geo0p05
empirical_structure,7,configs/deberta_empirical_structure.yaml,"{""lambda_geo"":0.1}",,,,0.1,,,0.2694973692563513,False,tune_deberta_empirical_structure_seed7_lambda_geo0p1
empirical_structure,7,configs/deberta_empirical_structure.yaml,"{""lambda_geo"":0.2}",,,,0.2,,,0.2606001491233744,False,tune_deberta_empirical_structure_seed7_lambda_geo0p2
empirical_structure,1701,configs/deberta_empirical_structure.yaml,"{""lambda_geo"":0.01}",,,,0.01,,,0.2866928382671606,False,tune_deberta_empirical_structure_seed1701_lambda_geo0p01
empirical_structure,1701,configs/deberta_empirical_structure.yaml,"{""lambda_geo"":0.05}",,,,0.05,,,0.2807025823695695,False,tune_deberta_empirical_structure_seed1701_lambda_geo0p05
empirical_structure,1701,configs/deberta_empirical_structure.yaml,"{""lambda_geo"":0.1}",,,,0.1,,,0.2699884478052815,False,tune_deberta_empirical_structure_seed1701_lambda_geo0p1
empirical_structure,1701,configs/deberta_empirical_structure.yaml,"{""lambda_geo"":0.2}",,,,0.2,,,0.26036300727232947,False,tune_deberta_empirical_structure_seed1701_lambda_geo0p2
schwartz_geoloss,42,configs/deberta_schwartz_geoloss.yaml,"{""lambda_geo"":0.01}",,,,0.01,,,0.28304055072704576,False,tune_deberta_schwartz_geoloss_seed42_lambda_geo0p01
schwartz_geoloss,42,configs/deberta_schwartz_geoloss.yaml,"{""lambda_geo"":0.05}",,,,0.05,,,0.2893559199480559,False,tune_deberta_schwartz_geoloss_seed42_lambda_geo0p05
schwartz_geoloss,42,configs/deberta_schwartz_geoloss.yaml,"{""lambda_geo"":0.1}",,,,0.1,,,0.2832176809384594,False,tune_deberta_schwartz_geoloss_seed42_lambda_geo0p1
schwartz_geoloss,42,configs/deberta_schwartz_geoloss.yaml,"{""lambda_geo"":0.2}",,,,0.2,,,0.2737883969276426,False,tune_deberta_schwartz_geoloss_seed42_lambda_geo0p2
schwartz_geoloss,7,configs/deberta_schwartz_geoloss.yaml,"{""lambda_geo"":0.01}",,,,0.01,,,0.2877183124096914,False,tune_deberta_schwartz_geoloss_seed7_lambda_geo0p01
schwartz_geoloss,7,configs/deberta_schwartz_geoloss.yaml,"{""lambda_geo"":0.05}",,,,0.05,,,0.2798171366648708,False,tune_deberta_schwartz_geoloss_seed7_lambda_geo0p05
schwartz_geoloss,7,configs/deberta_schwartz_geoloss.yaml,"{""lambda_geo"":0.1}",,,,0.1,,,0.27859336698419723,False,tune_deberta_schwartz_geoloss_seed7_lambda_geo0p1
schwartz_geoloss,7,configs/deberta_schwartz_geoloss.yaml,"{""lambda_geo"":0.2}",,,,0.2,,,0.275682845200191,False,tune_deberta_schwartz_geoloss_seed7_lambda_geo0p2
schwartz_geoloss,1701,configs/deberta_schwartz_geoloss.yaml,"{""lambda_geo"":0.01}",,,,0.01,,,0.28530163044579754,False,tune_deberta_schwartz_geoloss_seed1701_lambda_geo0p01
schwartz_geoloss,1701,configs/deberta_schwartz_geoloss.yaml,"{""lambda_geo"":0.05}",,,,0.05,,,0.28148577603444686,False,tune_deberta_schwartz_geoloss_seed1701_lambda_geo0p05
schwartz_geoloss,1701,configs/deberta_schwartz_geoloss.yaml,"{""lambda_geo"":0.1}",,,,0.1,,,0.274340471112245,False,tune_deberta_schwartz_geoloss_seed1701_lambda_geo0p1
schwartz_geoloss,1701,configs/deberta_schwartz_geoloss.yaml,"{""lambda_geo"":0.2}",,,,0.2,,,0.2715036355694605,False,tune_deberta_schwartz_geoloss_seed1701_lambda_geo0p2
schwartz_geosmooth,42,configs/deberta_schwartz_geosmooth.yaml,"{""tau"":0.1}",,,,,0.1,,0.1296028854122558,False,tune_deberta_schwartz_geosmooth_seed42_tau0p1
schwartz_geosmooth,42,configs/deberta_schwartz_geosmooth.yaml,"{""tau"":0.2}",,,,,0.2,,0.10458354210932214,False,tune_deberta_schwartz_geosmooth_seed42_tau0p2
schwartz_geosmooth,42,configs/deberta_schwartz_geosmooth.yaml,"{""tau"":0.5}",,,,,0.5,,0.07737215944617307,False,tune_deberta_schwartz_geosmooth_seed42_tau0p5
schwartz_geosmooth,42,configs/deberta_schwartz_geosmooth.yaml,"{""tau"":1.0}",,,,,1.0,,0.07425632769554172,False,tune_deberta_schwartz_geosmooth_seed42_tau1p0
schwartz_geosmooth,7,configs/deberta_schwartz_geosmooth.yaml,"{""tau"":0.1}",,,,,0.1,,0.13046308211083626,False,tune_deberta_schwartz_geosmooth_seed7_tau0p1
schwartz_geosmooth,7,configs/deberta_schwartz_geosmooth.yaml,"{""tau"":0.2}",,,,,0.2,,0.10823347395801376,False,tune_deberta_schwartz_geosmooth_seed7_tau0p2
schwartz_geosmooth,7,configs/deberta_schwartz_geosmooth.yaml,"{""tau"":0.5}",,,,,0.5,,0.08119608741593297,False,tune_deberta_schwartz_geosmooth_seed7_tau0p5
schwartz_geosmooth,7,configs/deberta_schwartz_geosmooth.yaml,"{""tau"":1.0}",,,,,1.0,,0.07941263453776663,False,tune_deberta_schwartz_geosmooth_seed7_tau1p0
schwartz_geosmooth,1701,configs/deberta_schwartz_geosmooth.yaml,"{""tau"":0.1}",,,,,0.1,,0.12061836866138094,False,tune_deberta_schwartz_geosmooth_seed1701_tau0p1
schwartz_geosmooth,1701,configs/deberta_schwartz_geosmooth.yaml,"{""tau"":0.2}",,,,,0.2,,0.10078029582565566,False,tune_deberta_schwartz_geosmooth_seed1701_tau0p2
schwartz_geosmooth,1701,configs/deberta_schwartz_geosmooth.yaml,"{""tau"":0.5}",,,,,0.5,,0.08106274906979162,False,tune_deberta_schwartz_geosmooth_seed1701_tau0p5
schwartz_geosmooth,1701,configs/deberta_schwartz_geosmooth.yaml,"{""tau"":1.0}",,,,,1.0,,0.07819621235797579,False,tune_deberta_schwartz_geosmooth_seed1701_tau1p0
