method,seed,model_slug,geometry,family,objective,top_k,max_candidates,max_labels,threshold_factor,min_prob,marginal_temperature,neighbor_steps,random_seed,empirical_metric,alpha_neighbor,beta_opposite,gamma_cardinality,text_id,sent_id,text,gold_labels,standard_labels,decoded_labels,removed_labels,added_labels,removed_opposite_false_positives,lost_true_positives,gained_true_positives,sample_f1_standard,sample_f1_decoded,sample_f1_delta,top_probabilities
bce,7,deberta-v3-base,schwartz,full,pareto_99,8,8,5,0.5,0.01,1.0,2,42,jaccard,0.1,0.2,0.0,BG_119,13,"""We expect these clusters, these university networks to generate results in areas such as pragmatism of learning and know-how transfer,"" said Prof.",Stimulation,Achievement,Stimulation | Achievement,,Stimulation,,,Stimulation,0.0,0.6666666666666666,0.6666666666666666,Achievement=0.6452 | Stimulation=0.2902 | Self-direction: action=0.0302 | Self-direction: thought=0.0266 | Power: resources=0.0130
bce,7,deberta-v3-base,schwartz,full,pareto_99,8,8,5,0.5,0.01,1.0,2,42,jaccard,0.1,0.2,0.0,BG_123,23,"For 2,499 euros he offers would-be immigrants a package of tips for a successful start in Bulgaria as a ""tax-advantaged destination"", where one can easily get a chic villa and drive his Porsche.",Hedonism,Stimulation,Stimulation | Hedonism,,Hedonism,,,Hedonism,0.0,0.6666666666666666,0.6666666666666666,Stimulation=0.5041 | Hedonism=0.3660 | Benevolence: caring=0.0578 | Self-direction: action=0.0465 | Achievement=0.0450
bce,7,deberta-v3-base,schwartz,full,pareto_99,8,8,5,0.5,0.01,1.0,2,42,jaccard,0.1,0.2,0.0,DE_002,2,The merger was intended to make Fiat Chrysler (FCA) and Renault the third largest car manufacturer.,Achievement,Power: resources,Achievement | Power: resources,,Achievement,,,Achievement,0.0,0.6666666666666666,0.6666666666666666,Achievement=0.2408 | Power: resources=0.2335 | Stimulation=0.0523 | Power: dominance=0.0217 | Self-direction: action=0.0129
bce,7,deberta-v3-base,schwartz,full,pareto_99,8,8,5,0.5,0.01,1.0,2,42,jaccard,0.1,0.2,0.0,DE_051,30,"You are the spark that motivates me to become a better person.""",Self-direction: action,Self-direction: thought,Self-direction: thought | Self-direction: action,,Self-direction: action,,,Self-direction: action,0.0,0.6666666666666666,0.6666666666666666,Self-direction: action=0.3463 | Self-direction: thought=0.2533 | Stimulation=0.0460 | Face=0.0376 | Achievement=0.0330
bce,7,deberta-v3-base,schwartz,full,pareto_99,8,8,5,0.5,0.01,1.0,2,42,jaccard,0.1,0.2,0.0,DE_122,7,"Above all, he should be aware of his own interests.",Self-direction: thought,Self-direction: action,Self-direction: thought | Self-direction: action,,Self-direction: thought,,,Self-direction: thought,0.0,0.6666666666666666,0.6666666666666666,Self-direction: action=0.5038 | Self-direction: thought=0.1310 | Benevolence: dependability=0.1128 | Conformity: interpersonal=0.0562 | Stimulation=0.0277
bce,7,deberta-v3-base,schwartz,full,pareto_99,8,8,5,0.5,0.01,1.0,2,42,jaccard,0.1,0.2,0.0,DE_196,19,"""For the first time, they are facing the possibility of a military conflict that many thought would never happen."" This fills many members of the Bundeswehr, but above all their families, with great uncertainty and fear.",Security: personal,Security: societal,Security: personal | Security: societal,,Security: personal,,,Security: personal,0.0,0.6666666666666666,0.6666666666666666,Security: societal=0.8872 | Security: personal=0.0742 | Universalism: concern=0.0347 | Self-direction: action=0.0192 | Achievement=0.0141
bce,7,deberta-v3-base,schwartz,full,pareto_99,8,8,5,0.5,0.01,1.0,2,42,jaccard,0.1,0.2,0.0,EL_153,3,"The Archbishop asked Enes Kanter what he thought of Greece, who replied that he had visited our country many times, that he felt that ""we are one family"".",Benevolence: caring,Benevolence: dependability,Benevolence: caring | Benevolence: dependability,,Benevolence: caring,,,Benevolence: caring,0.0,0.6666666666666666,0.6666666666666666,Benevolence: dependability=0.6017 | Benevolence: caring=0.1118 | Self-direction: action=0.0273 | Stimulation=0.0267 | Self-direction: thought=0.0236
bce,7,deberta-v3-base,schwartz,full,pareto_99,8,8,5,0.5,0.01,1.0,2,42,jaccard,0.1,0.2,0.0,EN_372,22,"“I know my own style,” says the mother of four.",Self-direction: thought,Self-direction: action,Self-direction: thought | Self-direction: action,,Self-direction: thought,,,Self-direction: thought,0.0,0.6666666666666666,0.6666666666666666,Self-direction: action=0.3683 | Self-direction: thought=0.1317 | Benevolence: dependability=0.0370 | Tradition=0.0332 | Conformity: interpersonal=0.0204
bce,7,deberta-v3-base,schwartz,full,pareto_99,8,8,5,0.5,0.01,1.0,2,42,jaccard,0.1,0.2,0.0,HE_052,2,"The Israeli government adopted at its meeting this morning (Sunday) a comprehensive strategic outline, the first of its kind, to ensure the existence of the Jewish people in the Diaspora.",Security: societal,Tradition,Security: societal | Tradition,,Security: societal,,,Security: societal,0.0,0.6666666666666666,0.6666666666666666,Tradition=0.8587 | Security: societal=0.1780 | Achievement=0.1604 | Universalism: concern=0.1583 | Power: dominance=0.1002
bce,7,deberta-v3-base,schwartz,full,pareto_99,8,8,5,0.5,0.01,1.0,2,42,jaccard,0.1,0.2,0.0,HE_177,22,The purpose of the pilot is to touch the life of every minor prisoner and be an accurate answer to his needs and the circles that surround him.,Universalism: concern,Benevolence: caring,Benevolence: caring | Universalism: concern,,Universalism: concern,,,Universalism: concern,0.0,0.6666666666666666,0.6666666666666666,Benevolence: caring=0.2742 | Universalism: concern=0.2678 | Benevolence: dependability=0.0730 | Achievement=0.0719 | Security: societal=0.0370
bce,7,deberta-v3-base,schwartz,full,pareto_99,8,8,5,0.5,0.01,1.0,2,42,jaccard,0.1,0.2,0.0,NL_183,29,"Van Wijnen: ""We hope the government will be sensitive to the social value of our participation.",Universalism: concern,Benevolence: caring,Benevolence: caring | Universalism: concern,,Universalism: concern,,,Universalism: concern,0.0,0.6666666666666666,0.6666666666666666,Universalism: concern=0.2581 | Benevolence: caring=0.1709 | Benevolence: dependability=0.0609 | Power: resources=0.0466 | Self-direction: action=0.0273
bce,7,deberta-v3-base,schwartz,full,pareto_99,8,8,5,0.5,0.01,1.0,2,42,jaccard,0.1,0.2,0.0,DE_294,38,"However, political power struggles and rampant corruption prevented lasting change.",Stimulation | Power: dominance,Achievement,Achievement | Power: dominance,,Power: dominance,,,Power: dominance,0.0,0.5,0.5,Achievement=0.6121 | Power: dominance=0.1489 | Security: societal=0.1158 | Self-direction: action=0.0661 | Power: resources=0.0556
bce,7,deberta-v3-base,schwartz,full,pareto_99,8,8,5,0.5,0.01,1.0,2,42,jaccard,0.1,0.2,0.0,HE_008,20,"Considering the characteristics of Union Bank, its methods of operation, the difficulties it faces, including in the area of ​​efficiency, and the absence of a significant indication of the bank&#39;s influence on the other players in the market, there is no basis for stating that the bank&#39;s departure is expected to significantly harm competition.",Achievement,Power: dominance | Power: resources,Achievement | Power: dominance | Power: resources,,Achievement,,,Achievement,0.0,0.5,0.5,Power: resources=0.6844 | Achievement=0.2453 | Power: dominance=0.2235 | Security: societal=0.0500 | Stimulation=0.0269
bce,7,deberta-v3-base,schwartz,full,pareto_99,8,8,5,0.5,0.01,1.0,2,42,jaccard,0.1,0.2,0.0,HE_085,20,"We will not hesitate to change it and adapt it to the evolving reality,&quot; she said during a press conference in the special situation room set up at the Ministry of Education ahead of the start of school.",Stimulation,Self-direction: thought | Self-direction: action,Self-direction: thought | Self-direction: action | Stimulation,,Stimulation,,,Stimulation,0.0,0.5,0.5,Self-direction: action=0.5346 | Stimulation=0.2979 | Self-direction: thought=0.1617 | Achievement=0.1229 | Hedonism=0.0202
bce,7,deberta-v3-base,schwartz,full,pareto_99,8,8,5,0.5,0.01,1.0,2,42,jaccard,0.1,0.2,0.0,TR_162,18,"Children who will visit the organization will be able to play spinning top, hoop, ticktock, castle game, violet, lover, bouncing ball, ragamuffin head, three stones, five stones, nine stones, marbles, jump rope, swing, sack race, egg carrying race, spoon puppet, fairy tale, riddle-mania cubes, The children will have the chance to play more than 30 traditional children's games such as village spectacles, trump games, hopscotch, hanky-panky, leapfrog, children's theater, dalya, tug of war, istop, box of pliers, I sell oil, tinsel chicken, basmık and tin.",Stimulation,Hedonism | Benevolence: caring,Stimulation | Hedonism | Benevolence: caring,,Stimulation,,,Stimulation,0.0,0.5,0.5,Hedonism=0.5300 | Tradition=0.3882 | Stimulation=0.2810 | Benevolence: caring=0.2261 | Self-direction: action=0.1023
bce,7,deberta-v3-base,schwartz,full,pareto_99,8,8,5,0.5,0.01,1.0,2,42,jaccard,0.1,0.2,0.0,TR_244,15,"We will not leave citizens helpless in this crisis, even if it is temporary.",Benevolence: caring,Security: societal | Universalism: concern,Security: societal | Benevolence: caring | Universalism: concern,,Benevolence: caring,,,Benevolence: caring,0.0,0.5,0.5,Universalism: concern=0.3218 | Security: societal=0.2043 | Benevolence: caring=0.1132 | Benevolence: dependability=0.0761 | Achievement=0.0692
bce,7,deberta-v3-base,schwartz,full,pareto_99,8,8,5,0.5,0.01,1.0,2,42,jaccard,0.1,0.2,0.0,BG_031,5,"Military Minister Krassimir Karakachanov explained that only the BSP MPs and ""that party, I keep forgetting its name, I keep confusing it with a company"" - the formation of Veselin Mareshki, who is in sharp personal conflict with the military minister, voted against the proposal.",Self-direction: action | Conformity: rules,Self-direction: thought | Face,Self-direction: thought | Self-direction: action | Face,,Self-direction: action,,,Self-direction: action,0.0,0.4,0.4,Self-direction: action=0.3311 | Self-direction: thought=0.1777 | Face=0.1648 | Conformity: interpersonal=0.1095 | Benevolence: dependability=0.0410
bce,7,deberta-v3-base,schwartz,full,pareto_99,8,8,5,0.5,0.01,1.0,2,42,jaccard,0.1,0.2,0.0,BG_171,11,"She pointed out that in 2019, over 3,800 SMEs in Bulgaria and over 180,000 jobs were supported and the support is ongoing.",Benevolence: caring,Power: resources | Benevolence: caring,Benevolence: caring,Power: resources,,Power: resources,,,0.6666666666666666,1.0,0.33333333333333337,Benevolence: caring=0.2852 | Universalism: concern=0.1279 | Achievement=0.1073 | Power: resources=0.0927 | Security: societal=0.0685
bce,7,deberta-v3-base,schwartz,full,pareto_99,8,8,5,0.5,0.01,1.0,2,42,jaccard,0.1,0.2,0.0,BG_M_029,4,Introduction of zones with a lighter administrative regime for the construction of new RES on contaminated land that cannot be used for agricultural purposes;,Universalism: nature,Security: societal | Universalism: nature,Universalism: nature,Security: societal,,Security: societal,,,0.6666666666666666,1.0,0.33333333333333337,Universalism: nature=0.3611 | Conformity: rules=0.2173 | Security: societal=0.2132 | Universalism: concern=0.0445 | Self-direction: action=0.0435
bce,7,deberta-v3-base,schwartz,full,pareto_99,8,8,5,0.5,0.01,1.0,2,42,jaccard,0.1,0.2,0.0,DE_161,30,"Are the Council and Commission really willing to ""tolerate this oligarchization of a member state?""",Universalism: concern,Power: dominance | Universalism: concern,Universalism: concern,Power: dominance,,Power: dominance,,,0.6666666666666666,1.0,0.33333333333333337,Universalism: concern=0.3437 | Self-direction: action=0.2013 | Power: dominance=0.1775 | Security: societal=0.1039 | Self-direction: thought=0.0544
bce,7,deberta-v3-base,schwartz,full,pareto_99,8,8,5,0.5,0.01,1.0,2,42,jaccard,0.1,0.2,0.0,DE_224,18,The truck drivers and other employees in the logistics sector want to achieve higher wages and better working conditions.,Power: resources,Power: resources | Benevolence: caring,Power: resources,Benevolence: caring,,Benevolence: caring,,,0.6666666666666666,1.0,0.33333333333333337,Power: resources=0.1583 | Benevolence: caring=0.1368 | Achievement=0.1116 | Self-direction: action=0.0759 | Universalism: concern=0.0575
bce,7,deberta-v3-base,schwartz,full,pareto_99,8,8,5,0.5,0.01,1.0,2,42,jaccard,0.1,0.2,0.0,EL_274,20,"Referring to the elections, Mr.Kikilias said that the goal of ND is to convince the entire Greek society that this country really deserves better.",Achievement,Achievement | Humility,Achievement,Humility,,Humility,,,0.6666666666666666,1.0,0.33333333333333337,Achievement=0.3449 | Self-direction: thought=0.1212 | Stimulation=0.1019 | Face=0.0964 | Self-direction: action=0.0749
bce,7,deberta-v3-base,schwartz,full,pareto_99,8,8,5,0.5,0.01,1.0,2,42,jaccard,0.1,0.2,0.0,HE_008,7,This is a great victory for the supervision of the banks led by Hadva Bar who unequivocally supported the merger and against the position of the competition authority.,Achievement,Achievement | Humility,Achievement,Humility,,Humility,,,0.6666666666666666,1.0,0.33333333333333337,Achievement=0.9656 | Face=0.0489 | Humility=0.0302 | Power: dominance=0.0236 | Stimulation=0.0209
bce,7,deberta-v3-base,schwartz,full,pareto_99,8,8,5,0.5,0.01,1.0,2,42,jaccard,0.1,0.2,0.0,HE_025,11,I believe in my ability to solve this crisis.&quot;,Achievement,Achievement | Humility,Achievement,Humility,,Humility,,,0.6666666666666666,1.0,0.33333333333333337,Achievement=0.8890 | Face=0.0947 | Self-direction: thought=0.0600 | Self-direction: action=0.0431 | Benevolence: dependability=0.0396
bce,7,deberta-v3-base,schwartz,full,pareto_99,8,8,5,0.5,0.01,1.0,2,42,jaccard,0.1,0.2,0.0,HE_032,24,"This means that there will be no money for the hospitals, public transportation, the medicine basket, the Holocaust survivors, the food baskets, education, welfare and infrastructure.",Power: resources,Power: resources | Benevolence: caring,Power: resources,Benevolence: caring,,Benevolence: caring,,,0.6666666666666666,1.0,0.33333333333333337,Power: resources=0.3282 | Universalism: concern=0.1695 | Benevolence: caring=0.1406 | Security: societal=0.0502 | Achievement=0.0289
bce,11,deberta-v3-base,schwartz,full,pareto_99,8,8,5,0.5,0.01,1.0,2,42,jaccard,0.1,0.2,0.0,TR_032,6,"Berkun Meral pointed out that fake advertisements and websites are designed with elements such as discounts and vacation opportunities that consumers tend to be easily persuaded, ""In the past months, a domestic cyber security company in Turkey conducted a study in which 30 thousand people believed the 'free Maldives vacation' scenario.",Security: societal | Conformity: rules,Security: personal,Security: personal | Security: societal | Conformity: rules,,Security: societal | Conformity: rules,,,Security: societal | Conformity: rules,0.0,0.8,0.8,Security: personal=0.3301 | Security: societal=0.2700 | Self-direction: action=0.0906 | Conformity: rules=0.0869 | Benevolence: caring=0.0552
bce,11,deberta-v3-base,schwartz,full,pareto_99,8,8,5,0.5,0.01,1.0,2,42,jaccard,0.1,0.2,0.0,BG_112,4,They give BGN 4.2 million to employers to hire disabled people.,Universalism: concern,Benevolence: caring,Benevolence: caring | Universalism: concern,,Universalism: concern,,,Universalism: concern,0.0,0.6666666666666666,0.6666666666666666,Benevolence: caring=0.4034 | Universalism: concern=0.2805 | Power: resources=0.0280 | Benevolence: dependability=0.0163 | Achievement=0.0130
bce,11,deberta-v3-base,schwartz,full,pareto_99,8,8,5,0.5,0.01,1.0,2,42,jaccard,0.1,0.2,0.0,DE_280,22,The nuclear phase-out had reduced the energy company's profits.,Achievement,Power: resources,Achievement | Power: resources,,Achievement,,,Achievement,0.0,0.6666666666666666,0.6666666666666666,Power: resources=0.4150 | Achievement=0.1466 | Security: societal=0.0234 | Stimulation=0.0078 | Universalism: nature=0.0032
bce,11,deberta-v3-base,schwartz,full,pareto_99,8,8,5,0.5,0.01,1.0,2,42,jaccard,0.1,0.2,0.0,EN_376,13,"“I’m delighted, so excited about it.",Stimulation,Hedonism,Stimulation | Hedonism,,Stimulation,,,Stimulation,0.0,0.6666666666666666,0.6666666666666666,Hedonism=0.7398 | Stimulation=0.1530 | Benevolence: caring=0.0638 | Self-direction: thought=0.0316 | Self-direction: action=0.0282
bce,11,deberta-v3-base,schwartz,full,pareto_99,8,8,5,0.5,0.01,1.0,2,42,jaccard,0.1,0.2,0.0,HE_029,2,"In the opinion of Orli Weiselberg-Zur, who filed a petition to the High Court demanding that the registration of the LGBT parents of a child be compared to the registration of heterosexual parents, and that she be registered as the mother of her common son with her partner Roit, this is &quot;another headline about pink revolutions in Israel&quot;.",Universalism: concern,Universalism: tolerance,Universalism: concern | Universalism: tolerance,,Universalism: concern,,,Universalism: concern,0.0,0.6666666666666666,0.6666666666666666,Universalism: tolerance=0.4877 | Universalism: concern=0.2855 | Tradition=0.0693 | Self-direction: action=0.0623 | Conformity: rules=0.0447
bce,11,deberta-v3-base,schwartz,full,pareto_99,8,8,5,0.5,0.01,1.0,2,42,jaccard,0.1,0.2,0.0,IT_141,29,"Provided, however, that the allied countries ""remain united in maintaining and increasing sanctions pressure.""",Power: resources,Power: dominance,Power: dominance | Power: resources,,Power: resources,,,Power: resources,0.0,0.6666666666666666,0.6666666666666666,Power: dominance=0.4537 | Benevolence: dependability=0.1452 | Power: resources=0.0965 | Security: societal=0.0287 | Self-direction: action=0.0198
bce,11,deberta-v3-base,schwartz,full,pareto_99,8,8,5,0.5,0.01,1.0,2,42,jaccard,0.1,0.2,0.0,IT_218,12,"Adjuvant immunotherapy lasts only one year, increases the chance of avoiding disease recurrence and, therefore, potentially curing the person,"" the oncologist emphasizes.",Security: personal,Security: societal,Security: personal | Security: societal,,Security: personal,,,Security: personal,0.0,0.6666666666666666,0.6666666666666666,Security: societal=0.3124 | Security: personal=0.2075 | Achievement=0.0121 | Benevolence: caring=0.0099 | Stimulation=0.0033
bce,11,deberta-v3-base,schwartz,full,pareto_99,8,8,5,0.5,0.01,1.0,2,42,jaccard,0.1,0.2,0.0,NL_M_023,16,"Even through its own investments, the government will involve itself more actively in the economy than we have been used to in recent decades.",Power: dominance,Power: resources,Power: dominance | Power: resources,,Power: dominance,,,Power: dominance,0.0,0.6666666666666666,0.6666666666666666,Power: resources=0.4319 | Power: dominance=0.1432 | Self-direction: action=0.0845 | Conformity: rules=0.0306 | Benevolence: dependability=0.0221
bce,11,deberta-v3-base,schwartz,full,pareto_99,8,8,5,0.5,0.01,1.0,2,42,jaccard,0.1,0.2,0.0,TR_016,6,"Within the scope of the circular we have sent to our governorships, it is a circular that includes the measures that our cities and citizens should take against the 11-article corona virus and what we will do regarding these measures.",Conformity: rules,Security: societal,Security: societal | Conformity: rules,,Conformity: rules,,,Conformity: rules,0.0,0.6666666666666666,0.6666666666666666,Security: societal=0.7753 | Conformity: rules=0.0888 | Security: personal=0.0395 | Self-direction: action=0.0276 | Universalism: concern=0.0167
bce,11,deberta-v3-base,schwartz,full,pareto_99,8,8,5,0.5,0.01,1.0,2,42,jaccard,0.1,0.2,0.0,TR_055,18,"We have never given up on the sense of unity and solidarity created by the love and respect of the people living in this city.""",Benevolence: caring,Universalism: concern,Benevolence: caring | Universalism: concern,,Benevolence: caring,,,Benevolence: caring,0.0,0.6666666666666666,0.6666666666666666,Universalism: concern=0.3446 | Universalism: tolerance=0.2542 | Benevolence: caring=0.2072 | Benevolence: dependability=0.1630 | Tradition=0.0947
bce,11,deberta-v3-base,schwartz,full,pareto_99,8,8,5,0.5,0.01,1.0,2,42,jaccard,0.1,0.2,0.0,TR_170,6,The institute will be the first of its kind in Turkey.,Achievement,Stimulation,Stimulation | Achievement,,Achievement,,,Achievement,0.0,0.6666666666666666,0.6666666666666666,Stimulation=0.2426 | Achievement=0.1471 | Self-direction: action=0.0549 | Self-direction: thought=0.0148 | Universalism: concern=0.0031
bce,11,deberta-v3-base,schwartz,full,pareto_99,8,8,5,0.5,0.01,1.0,2,42,jaccard,0.1,0.2,0.0,HE_194,26,"&quot;The gaps have not changed&quot; While in the field of regulatory reform it is possible to mark the progress of the parties towards a compromise, when it comes to raising the retirement age for women the parties are at an impasse.",Power: dominance,Power: dominance | Benevolence: dependability | Universalism: concern,Power: dominance,Benevolence: dependability | Universalism: concern,,Benevolence: dependability | Universalism: concern,,,0.5,1.0,0.5,Universalism: concern=0.3063 | Power: dominance=0.2335 | Benevolence: dependability=0.2009 | Achievement=0.0993 | Universalism: tolerance=0.0441
bce,11,deberta-v3-base,schwartz,full,pareto_99,8,8,5,0.5,0.01,1.0,2,42,jaccard,0.1,0.2,0.0,DE_247,21,"""In order to strengthen rail transport, not only investments in infrastructure are necessary, but also changes to the institutional framework,"" the Chairman of the Monopolies Commission, economist Achim Wambach, told the newspaper.",Self-direction: action,Stimulation | Power: resources,Self-direction: action | Stimulation | Power: resources,,Self-direction: action,,,Self-direction: action,0.0,0.5,0.5,Stimulation=0.4840 | Self-direction: action=0.1435 | Power: resources=0.1058 | Achievement=0.0726 | Self-direction: thought=0.0232
bce,11,deberta-v3-base,schwartz,full,pareto_99,8,8,5,0.5,0.01,1.0,2,42,jaccard,0.1,0.2,0.0,HE_031,22,The second decision is to raise the price of water and harm the pensions of the elderly.,Universalism: concern,Security: societal | Benevolence: caring,Security: societal | Benevolence: caring | Universalism: concern,,Universalism: concern,,,Universalism: concern,0.0,0.5,0.5,Security: societal=0.4788 | Universalism: concern=0.2822 | Benevolence: caring=0.2285 | Power: resources=0.0345 | Security: personal=0.0169
bce,11,deberta-v3-base,schwartz,full,pareto_99,8,8,5,0.5,0.01,1.0,2,42,jaccard,0.1,0.2,0.0,HE_087,34,"Even in the car we will remind them that everyone will be responsible for their behavior, because this is our limit - we don&#39;t drive when there are shouts and fights.",Conformity: rules,Conformity: interpersonal | Benevolence: dependability,Conformity: rules | Conformity: interpersonal | Benevolence: dependability,,Conformity: rules,,,Conformity: rules,0.0,0.5,0.5,Benevolence: dependability=0.2418 | Conformity: interpersonal=0.2388 | Self-direction: action=0.1347 | Power: dominance=0.1000 | Conformity: rules=0.0888
bce,11,deberta-v3-base,schwartz,full,pareto_99,8,8,5,0.5,0.01,1.0,2,42,jaccard,0.1,0.2,0.0,IT_247,14,"With the 'eighth package of sanctions approved last Oct. 6 It will be prohibited, it says on the EU Commission website, to provide maritime transportation and technical assistance, brokering services, financing or financial assistance related to the maritime transportation to third countries of crude oil (from December 2022) or petroleum products (from February 2023) originating in Russia or exported from Russia if such products will be purchased at a price above the price cap to be established in the European Union.",Power: resources,Power: dominance | Conformity: rules,Power: dominance | Power: resources | Conformity: rules,,Power: resources,,,Power: resources,0.0,0.5,0.5,Conformity: rules=0.7116 | Power: dominance=0.1687 | Power: resources=0.1000 | Self-direction: action=0.0439 | Security: societal=0.0273
bce,11,deberta-v3-base,schwartz,full,pareto_99,8,8,5,0.5,0.01,1.0,2,42,jaccard,0.1,0.2,0.0,EL_126,4,"With this ministerial decision, as specifically mentioned: - extended the granting of heating allowance for heating oil, in addition to the subsidy of heating fuel oil, natural gas, LPG, LPG, fuel oil, biomass pellet and thermal energy through district heating, which was in force last year. - the income criteria and the limits on the total value of the property were broadened to include more beneficiaries in the subsidy and the calculation basis and the maximum limit of the subsidy were increased. - a doubling of the amount of the allowance was foreseen, which can reach EUR 1 600 for new beneficiaries who do not use gas and for old beneficiaries who stop using gas and replace it with one of the other subsidised fuels or with district heating.",Power: resources | Benevolence: caring,Security: societal | Universalism: concern,Security: societal | Benevolence: caring | Universalism: concern,,Benevolence: caring,,,Benevolence: caring,0.0,0.4,0.4,Universalism: concern=0.4988 | Security: societal=0.2923 | Benevolence: caring=0.2077 | Security: personal=0.0346 | Stimulation=0.0303
bce,11,deberta-v3-base,schwartz,full,pareto_99,8,8,5,0.5,0.01,1.0,2,42,jaccard,0.1,0.2,0.0,EL_171,10,"However, how employees feel about returning to the workplace varies by gender and career stage: - Gen Z - Millennials: Gen Z are more eager to return to the workplace to develop their careers and socialize more (51%), while Millennials are less positive (38%); - Gen X - Boomers: Gen X highly value being in the workplace to better focus and collaborate effectively away from household responsibilities.",Stimulation,Self-direction: thought | Self-direction: action | Benevolence: caring,Self-direction: thought | Self-direction: action | Stimulation | Benevolence: caring,,Stimulation,,,Stimulation,0.0,0.4,0.4,Benevolence: caring=0.2785 | Hedonism=0.1720 | Self-direction: action=0.1684 | Stimulation=0.1468 | Self-direction: thought=0.1132
bce,11,deberta-v3-base,schwartz,full,pareto_99,8,8,5,0.5,0.01,1.0,2,42,jaccard,0.1,0.2,0.0,EL_298,5,"The Foreign Minister stressed the importance of promoting good neighbourly relations on the basis of international law, a position that Greece has held for decades.",Conformity: rules,Conformity: interpersonal | Benevolence: dependability | Universalism: concern,Conformity: rules | Conformity: interpersonal | Benevolence: dependability | Universalism: concern,,Conformity: rules,,,Conformity: rules,0.0,0.4,0.4,Universalism: concern=0.4955 | Benevolence: dependability=0.2241 | Conformity: interpersonal=0.1555 | Universalism: tolerance=0.1357 | Conformity: rules=0.0895
bce,11,deberta-v3-base,schwartz,full,pareto_99,8,8,5,0.5,0.01,1.0,2,42,jaccard,0.1,0.2,0.0,IT_005,8,"""Innovation supports our Group's mission to enhance sustainability in power generation, grid development and digitalization as well as end-use electrification, thereby creating long-term shared value for our stakeholders.",Stimulation | Universalism: concern,Benevolence: caring | Universalism: nature,Benevolence: caring | Universalism: concern | Universalism: nature,,Universalism: concern,,,Universalism: concern,0.0,0.4,0.4,Benevolence: caring=0.3781 | Universalism: concern=0.2833 | Stimulation=0.0837 | Universalism: nature=0.0824 | Security: societal=0.0639
bce,11,deberta-v3-base,schwartz,full,pareto_99,8,8,5,0.5,0.01,1.0,2,42,jaccard,0.1,0.2,0.0,BG_172,19,"Provision is also made for the written consent of the appropriate Minister for the change of use of a building or part of a building which is the object of education, science, health or culture, or of sports facilities, facilities or parts thereof, to be granted ex officio to the chief architect of a municipality or to a competent authority.",Conformity: rules,Self-direction: action | Conformity: rules,Conformity: rules,Self-direction: action,,Self-direction: action,,,0.6666666666666666,1.0,0.33333333333333337,Conformity: rules=0.3548 | Self-direction: action=0.1562 | Power: dominance=0.0337 | Universalism: concern=0.0210 | Conformity: interpersonal=0.0170
bce,11,deberta-v3-base,schwartz,full,pareto_99,8,8,5,0.5,0.01,1.0,2,42,jaccard,0.1,0.2,0.0,BG_219,14,"The president pointed out that if the parties' choice is again early elections, it would be appropriate to hold them in early October so that a new parliament has legitimacy through increased citizen participation in the vote.",Conformity: rules,Self-direction: action | Conformity: rules,Conformity: rules,Self-direction: action,,Self-direction: action,,,0.6666666666666666,1.0,0.33333333333333337,Conformity: rules=0.3946 | Self-direction: action=0.1593 | Power: dominance=0.0859 | Universalism: concern=0.0775 | Self-direction: thought=0.0187
bce,11,deberta-v3-base,schwartz,full,pareto_99,8,8,5,0.5,0.01,1.0,2,42,jaccard,0.1,0.2,0.0,DE_092,3,"Due to rising energy costs and food prices, employees now have a chance to receive the inflation compensation bonus.",Benevolence: caring,Power: resources | Benevolence: caring,Benevolence: caring,Power: resources,,Power: resources,,,0.6666666666666666,1.0,0.33333333333333337,Benevolence: caring=0.6204 | Universalism: concern=0.1114 | Security: societal=0.1067 | Power: resources=0.1041 | Security: personal=0.0406
bce,11,deberta-v3-base,schwartz,full,pareto_99,8,8,5,0.5,0.01,1.0,2,42,jaccard,0.1,0.2,0.0,DE_288,33,"""We can still clarify and regulate details such as roof pitch and overhangs in the further process,"" noted Mayor Rainer Kopnicky.",Conformity: rules,Self-direction: action | Conformity: rules,Conformity: rules,Self-direction: action,,Self-direction: action,,,0.6666666666666666,1.0,0.33333333333333337,Conformity: rules=0.5606 | Self-direction: action=0.1573 | Self-direction: thought=0.0189 | Universalism: concern=0.0094 | Conformity: interpersonal=0.0071
bce,11,deberta-v3-base,schwartz,full,pareto_99,8,8,5,0.5,0.01,1.0,2,42,jaccard,0.1,0.2,0.0,EL_075,2,"According to the World Economic Forum (WEF, 2023), within a 2-year horizon, 5 of the 10 most serious problems facing humanity will be related to climate change: natural disasters and extreme weather events, natural resource crisis, failure to adapt to climate change plans and failure to mitigate climate change.",Universalism: nature,Security: societal | Universalism: nature,Universalism: nature,Security: societal,,Security: societal,,,0.6666666666666666,1.0,0.33333333333333337,Universalism: nature=0.6071 | Security: societal=0.3106 | Universalism: concern=0.0781 | Benevolence: caring=0.0135 | Benevolence: dependability=0.0129
bce,42,deberta-v3-base,schwartz,full,pareto_99,8,8,5,0.5,0.01,1.0,2,42,jaccard,0.1,0.2,0.0,BG_007,11,"""Management, of course, can judge and choose.",Self-direction: thought,Self-direction: action,Self-direction: thought | Self-direction: action,,Self-direction: thought,,,Self-direction: thought,0.0,0.6666666666666666,0.6666666666666666,Self-direction: action=0.8235 | Self-direction: thought=0.1178 | Conformity: rules=0.0275 | Stimulation=0.0216 | Tradition=0.0156
bce,42,deberta-v3-base,schwartz,full,pareto_99,8,8,5,0.5,0.01,1.0,2,42,jaccard,0.1,0.2,0.0,BG_134,20,I believe that our successful work together will make the use of these funds even more effective.,Achievement,Stimulation,Stimulation | Achievement,,Achievement,,,Achievement,0.0,0.6666666666666666,0.6666666666666666,Stimulation=0.2935 | Achievement=0.0579 | Self-direction: action=0.0240 | Self-direction: thought=0.0206 | Universalism: concern=0.0117
bce,42,deberta-v3-base,schwartz,full,pareto_99,8,8,5,0.5,0.01,1.0,2,42,jaccard,0.1,0.2,0.0,EL_239,16,"""The EU should ban the use of European ships and European ports to transport Russian oil to third countries"", he argues.",Power: dominance,Power: resources,Power: dominance | Power: resources,,Power: dominance,,,Power: dominance,0.0,0.6666666666666666,0.6666666666666666,Power: resources=0.1577 | Power: dominance=0.1557 | Conformity: rules=0.1374 | Self-direction: action=0.1212 | Security: societal=0.0459
bce,42,deberta-v3-base,schwartz,full,pareto_99,8,8,5,0.5,0.01,1.0,2,42,jaccard,0.1,0.2,0.0,EL_288,18,"He called for border security, going so far as to ask for the activation of the European FRONTEX on the Turkish coast.",Security: societal,Conformity: rules,Security: societal | Conformity: rules,,Security: societal,,,Security: societal,0.0,0.6666666666666666,0.6666666666666666,Security: societal=0.4254 | Conformity: rules=0.2919 | Power: dominance=0.0505 | Self-direction: action=0.0241 | Security: personal=0.0050
bce,42,deberta-v3-base,schwartz,full,pareto_99,8,8,5,0.5,0.01,1.0,2,42,jaccard,0.1,0.2,0.0,EN_031,2,AIB deputy chairperson Catherine Woods said the bank’s efforts to attract and retain staff were partly depended on its “ability to compete with the reumuneration practices of other employers”.,Power: resources,Achievement,Achievement | Power: resources,,Power: resources,,,Power: resources,0.0,0.6666666666666666,0.6666666666666666,Achievement=0.3790 | Power: resources=0.0683 | Power: dominance=0.0131 | Security: societal=0.0052 | Self-direction: action=0.0026
bce,42,deberta-v3-base,schwartz,full,pareto_99,8,8,5,0.5,0.01,1.0,2,42,jaccard,0.1,0.2,0.0,FR_054,6,"In particular, he is opposed to further enlargement of the European Union, arguing that Europe has lost its coherence and capacity for action.",Self-direction: action,Self-direction: thought,Self-direction: thought | Self-direction: action,,Self-direction: action,,,Self-direction: action,0.0,0.6666666666666666,0.6666666666666666,Self-direction: thought=0.5103 | Self-direction: action=0.3144 | Stimulation=0.0689 | Face=0.0220 | Conformity: interpersonal=0.0217
bce,42,deberta-v3-base,schwartz,full,pareto_99,8,8,5,0.5,0.01,1.0,2,42,jaccard,0.1,0.2,0.0,FR_086,12,"Above all, with sales of 130 million euros in 2019, the biotech does not have the striking capacity of a behemoth like Sanofi (36 billion euros in sales last year).",Power: resources,Achievement,Achievement | Power: resources,,Power: resources,,,Power: resources,0.0,0.6666666666666666,0.6666666666666666,Achievement=0.3255 | Power: resources=0.0669 | Face=0.0035 | Power: dominance=0.0024 | Security: societal=0.0012
bce,42,deberta-v3-base,schwartz,full,pareto_99,8,8,5,0.5,0.01,1.0,2,42,jaccard,0.1,0.2,0.0,FR_094,1,"Oil: ""We can't replace the Russians"" (United Arab Emirates)",Power: resources,Power: dominance,Power: dominance | Power: resources,,Power: resources,,,Power: resources,0.0,0.6666666666666666,0.6666666666666666,Power: dominance=0.2762 | Security: societal=0.0752 | Power: resources=0.0655 | Self-direction: action=0.0116 | Benevolence: dependability=0.0077
bce,42,deberta-v3-base,schwartz,full,pareto_99,8,8,5,0.5,0.01,1.0,2,42,jaccard,0.1,0.2,0.0,HE_075,26,"In a joint hearing of the Education and Corona Committee held today in the Knesset, the Deputy Director General of the Ministry of Health, Prof. Itamar Grotto, said that the curriculum for the 3rd-4th and 5th-6th grades will be discussed in the expert cabinet that advises the Ministry of Education and Prof. Roni Gamzo.",Self-direction: thought,Self-direction: action,Self-direction: thought | Self-direction: action,,Self-direction: thought,,,Self-direction: thought,0.0,0.6666666666666666,0.6666666666666666,Self-direction: action=0.6966 | Self-direction: thought=0.1148 | Conformity: rules=0.1095 | Conformity: interpersonal=0.0154 | Stimulation=0.0127
bce,42,deberta-v3-base,schwartz,full,pareto_99,8,8,5,0.5,0.01,1.0,2,42,jaccard,0.1,0.2,0.0,TR_039,12,"Apart from that, the community situations we fear the most are in homes, visits, condolences, days among women.",Security: societal,,Security: personal | Security: societal,,Security: personal | Security: societal,,,Security: societal,0.0,0.6666666666666666,0.6666666666666666,Security: societal=0.4223 | Security: personal=0.2634 | Universalism: concern=0.0638 | Benevolence: caring=0.0532 | Conformity: rules=0.0163
bce,42,deberta-v3-base,schwartz,full,pareto_99,8,8,5,0.5,0.01,1.0,2,42,jaccard,0.1,0.2,0.0,TR_235,18,The anticyanin substance also strengthens the immune system and helps prevent many diseases from influenza to cancer.,Security: personal,Security: societal,Security: personal | Security: societal,,Security: personal,,,Security: personal,0.0,0.6666666666666666,0.6666666666666666,Security: societal=0.8579 | Security: personal=0.2546 | Achievement=0.0089 | Self-direction: action=0.0042 | Hedonism=0.0034
bce,42,deberta-v3-base,schwartz,full,pareto_99,8,8,5,0.5,0.01,1.0,2,42,jaccard,0.1,0.2,0.0,BG_097,17,"This is a civilisational choice and how the National Assembly will react is a decision of each MP"", Economov said.",Self-direction: action,Self-direction: thought | Universalism: tolerance,Self-direction: thought | Self-direction: action | Universalism: tolerance,,Self-direction: action,,,Self-direction: action,0.0,0.5,0.5,Universalism: tolerance=0.2997 | Self-direction: action=0.2963 | Self-direction: thought=0.1615 | Tradition=0.1194 | Conformity: interpersonal=0.0385
bce,42,deberta-v3-base,schwartz,full,pareto_99,8,8,5,0.5,0.01,1.0,2,42,jaccard,0.1,0.2,0.0,DE_294,23,"""There is no politician in Tunisia who can really change the course."" The parliamentary elections will not change this.",Stimulation,Self-direction: thought | Self-direction: action,Self-direction: thought | Self-direction: action | Stimulation,,Stimulation,,,Stimulation,0.0,0.5,0.5,Self-direction: action=0.7823 | Self-direction: thought=0.1312 | Stimulation=0.1207 | Conformity: rules=0.0174 | Achievement=0.0172
bce,42,deberta-v3-base,schwartz,full,pareto_99,8,8,5,0.5,0.01,1.0,2,42,jaccard,0.1,0.2,0.0,DE_294,38,"However, political power struggles and rampant corruption prevented lasting change.",Stimulation | Power: dominance,Achievement,Achievement | Power: dominance,,Power: dominance,,,Power: dominance,0.0,0.5,0.5,Security: societal=0.1965 | Conformity: rules=0.1912 | Power: dominance=0.1597 | Achievement=0.1116 | Self-direction: action=0.0411
bce,42,deberta-v3-base,schwartz,full,pareto_99,8,8,5,0.5,0.01,1.0,2,42,jaccard,0.1,0.2,0.0,EL_M_013,4,"It is given either directly to weak families with incomes below the minimum tax-free threshold or as a tax relief to the rest, if it is in their best interest. (2) Tax rates for legal persons.",Power: resources | Benevolence: caring,Universalism: concern,Benevolence: caring | Universalism: concern,,Benevolence: caring,,,Benevolence: caring,0.0,0.5,0.5,Universalism: concern=0.6909 | Security: societal=0.2258 | Benevolence: caring=0.1188 | Security: personal=0.0223 | Conformity: rules=0.0192
bce,42,deberta-v3-base,schwartz,full,pareto_99,8,8,5,0.5,0.01,1.0,2,42,jaccard,0.1,0.2,0.0,HE_144,15,"According to this news, Rod said that &quot;China and the Hua Wei company stole technology from American companies like T-Mobile.",Power: resources,Power: dominance | Conformity: rules,Power: dominance | Power: resources | Conformity: rules,,Power: resources,,,Power: resources,0.0,0.5,0.5,Power: dominance=0.3081 | Conformity: rules=0.2867 | Security: societal=0.1727 | Power: resources=0.0650 | Face=0.0645
bce,42,deberta-v3-base,schwartz,full,pareto_99,8,8,5,0.5,0.01,1.0,2,42,jaccard,0.1,0.2,0.0,HE_177,17,"Deputy Attorney General (Criminal Law), Attorney Amit Marari: &quot;The pilot is an important link within a large-scale process in recent years, to promote holistic thinking in the field of law enforcement, all with the understanding that more creative and precise solutions are required to deal with crime phenomena.",Self-direction: thought,Stimulation | Achievement,Self-direction: thought | Stimulation | Achievement,,Self-direction: thought,,,Self-direction: thought,0.0,0.5,0.5,Stimulation=0.3627 | Self-direction: action=0.2684 | Achievement=0.2048 | Self-direction: thought=0.1164 | Security: societal=0.0220
bce,42,deberta-v3-base,schwartz,full,pareto_99,8,8,5,0.5,0.01,1.0,2,42,jaccard,0.1,0.2,0.0,HE_M_034,6,"Yesh Atid has acted, and will continue to act, in the face of the many challenges facing the immigrant population, the most prominent of which is the difficulty of integrating into employment.",Universalism: concern,Stimulation | Achievement | Benevolence: caring,Stimulation | Benevolence: caring | Universalism: concern,Achievement,Universalism: concern,,,Universalism: concern,0.0,0.5,0.5,Security: societal=0.2353 | Stimulation=0.1577 | Universalism: concern=0.1371 | Benevolence: caring=0.1327 | Self-direction: action=0.1220
bce,42,deberta-v3-base,schwartz,full,pareto_99,8,8,5,0.5,0.01,1.0,2,42,jaccard,0.1,0.2,0.0,TR_263,14,"When funding is allocated to science, scientists share their scientific knowledge and results by writing articles in scientific journals, publishing books or attending congresses and presenting them to other researchers.",Self-direction: thought,Self-direction: action | Stimulation,Self-direction: thought | Self-direction: action | Stimulation,,Self-direction: thought,,,Self-direction: thought,0.0,0.5,0.5,Self-direction: action=0.3954 | Stimulation=0.2684 | Self-direction: thought=0.1116 | Benevolence: dependability=0.0749 | Achievement=0.0385
bce,42,deberta-v3-base,schwartz,full,pareto_99,8,8,5,0.5,0.01,1.0,2,42,jaccard,0.1,0.2,0.0,TR_290,6,"For every country we visit, we strive to create values specific to that geography.",Self-direction: action | Universalism: concern,Self-direction: thought,Self-direction: thought | Self-direction: action,,Self-direction: action,,,Self-direction: action,0.0,0.5,0.5,Self-direction: thought=0.3858 | Self-direction: action=0.3030 | Tradition=0.0393 | Conformity: interpersonal=0.0269 | Stimulation=0.0241
bce,42,deberta-v3-base,schwartz,full,pareto_99,8,8,5,0.5,0.01,1.0,2,42,jaccard,0.1,0.2,0.0,FR_058,7,"Since then, he has devoted himself to comics, publishing ""Catharsis"" in 2015, followed in 2018 by ""Indélébiles"", a memoir of his 23 years at Charlie, before an adaptation of Virginie Despentes' ""Vernon Subutex"", due in bookshops this autumn.",Self-direction: action,Self-direction: thought | Stimulation | Achievement,Self-direction: thought | Self-direction: action | Stimulation | Achievement,,Self-direction: action,,,Self-direction: action,0.0,0.4,0.4,Self-direction: action=0.2937 | Stimulation=0.2158 | Self-direction: thought=0.1378 | Achievement=0.0828 | Tradition=0.0082
bce,42,deberta-v3-base,schwartz,full,pareto_99,8,8,5,0.5,0.01,1.0,2,42,jaccard,0.1,0.2,0.0,BG_039,18,"This year we made such organization in the summer and it gave good results,"" Marinov said.",Achievement,Achievement | Humility,Achievement,Humility,,Humility,,,0.6666666666666666,1.0,0.33333333333333337,Achievement=0.9308 | Face=0.0388 | Humility=0.0204 | Hedonism=0.0129 | Security: personal=0.0093
bce,42,deberta-v3-base,schwartz,full,pareto_99,8,8,5,0.5,0.01,1.0,2,42,jaccard,0.1,0.2,0.0,BG_108,4,"With a donation campaign for some of the ""hottest"" spots in the fight against the pandemic from COVID-19, A1 financially supported the N.I.",Benevolence: caring,Power: resources | Benevolence: caring,Benevolence: caring,Power: resources,,Power: resources,,,0.6666666666666666,1.0,0.33333333333333337,Benevolence: caring=0.2908 | Power: resources=0.0717 | Benevolence: dependability=0.0624 | Security: societal=0.0567 | Universalism: concern=0.0487
bce,42,deberta-v3-base,schwartz,full,pareto_99,8,8,5,0.5,0.01,1.0,2,42,jaccard,0.1,0.2,0.0,DE_135,3,"""We will take revenge and the blood will be up to your knees"" shouts a woman wearing a black veil as she leaves the last bastion of the jihadist militia Islamic State (IS) in a bend of the Euphrates on the border with Iraq after weeks of shelling.",Security: societal,Self-direction: action | Security: societal,Security: societal,Self-direction: action,,Self-direction: action,,,0.6666666666666666,1.0,0.33333333333333337,Security: societal=0.7014 | Self-direction: action=0.3225 | Power: dominance=0.1186 | Conformity: rules=0.0429 | Security: personal=0.0168
bce,42,deberta-v3-base,schwartz,full,pareto_99,8,8,5,0.5,0.01,1.0,2,42,jaccard,0.1,0.2,0.0,DE_191,65,"""But I still enjoyed it so much that I didn't want to let go.""",Hedonism,Hedonism | Humility,Hedonism,Humility,,Humility,,,0.6666666666666666,1.0,0.33333333333333337,Hedonism=0.8637 | Stimulation=0.0757 | Security: personal=0.0289 | Benevolence: caring=0.0277 | Self-direction: thought=0.0245
bce,1701,deberta-v3-base,schwartz,full,pareto_99,8,8,5,0.5,0.01,1.0,2,42,jaccard,0.1,0.2,0.0,EL_298,7,"He stressed that the countries of the region should eventually join the EU, of course within the framework of conditionality, and expressed the hope that Bosnia and Herzegovina will take the necessary steps to help it move closer to the EU.",Conformity: interpersonal,Self-direction: action | Conformity: rules,Conformity: rules | Conformity: interpersonal,Self-direction: action,Conformity: interpersonal,Self-direction: action,,Conformity: interpersonal,0.0,0.6666666666666666,0.6666666666666666,Self-direction: action=0.3566 | Conformity: rules=0.3078 | Conformity: interpersonal=0.1428 | Power: dominance=0.1330 | Benevolence: dependability=0.0719
bce,1701,deberta-v3-base,schwartz,full,pareto_99,8,8,5,0.5,0.01,1.0,2,42,jaccard,0.1,0.2,0.0,BG_119,13,"""We expect these clusters, these university networks to generate results in areas such as pragmatism of learning and know-how transfer,"" said Prof.",Stimulation,Achievement,Stimulation | Achievement,,Stimulation,,,Stimulation,0.0,0.6666666666666666,0.6666666666666666,Stimulation=0.3635 | Achievement=0.2332 | Self-direction: thought=0.0555 | Self-direction: action=0.0145 | Face=0.0065
bce,1701,deberta-v3-base,schwartz,full,pareto_99,8,8,5,0.5,0.01,1.0,2,42,jaccard,0.1,0.2,0.0,DE_M_026,32,We rely on a regionally anchored economy that is geared towards the needs of the people in the respective regions.,Universalism: concern,Benevolence: caring,Benevolence: caring | Universalism: concern,,Universalism: concern,,,Universalism: concern,0.0,0.6666666666666666,0.6666666666666666,Benevolence: caring=0.6018 | Universalism: concern=0.3085 | Security: societal=0.0979 | Power: resources=0.0435 | Benevolence: dependability=0.0325
bce,1701,deberta-v3-base,schwartz,full,pareto_99,8,8,5,0.5,0.01,1.0,2,42,jaccard,0.1,0.2,0.0,EL_022,7,The most competitive companies both in Greece and globally consider high quality logistics to be their comparative advantage and systematically apply performance measurements.,Power: dominance,Achievement,Achievement | Power: dominance,,Power: dominance,,,Power: dominance,0.0,0.6666666666666666,0.6666666666666666,Achievement=0.7161 | Power: dominance=0.1882 | Face=0.0761 | Power: resources=0.0137 | Stimulation=0.0085
bce,1701,deberta-v3-base,schwartz,full,pareto_99,8,8,5,0.5,0.01,1.0,2,42,jaccard,0.1,0.2,0.0,EL_028,25,"This must be our goal as a party of the Centre, of the Centre-Left and of Social Democracy, so that we can be the reformist opposition that society needs and that will make our party great again.",Stimulation,Achievement,Stimulation | Achievement,,Stimulation,,,Stimulation,0.0,0.6666666666666666,0.6666666666666666,Stimulation=0.3604 | Achievement=0.1245 | Self-direction: action=0.0860 | Self-direction: thought=0.0833 | Benevolence: dependability=0.0313
bce,1701,deberta-v3-base,schwartz,full,pareto_99,8,8,5,0.5,0.01,1.0,2,42,jaccard,0.1,0.2,0.0,EL_072,9,The office of the President of the European Parliament insists that she is not subject to the provisions for MEPs concerning gifts and travel declarations.,Conformity: rules,Conformity: interpersonal,Conformity: rules | Conformity: interpersonal,,Conformity: rules,,,Conformity: rules,0.0,0.6666666666666666,0.6666666666666666,Self-direction: action=0.1984 | Conformity: rules=0.1767 | Conformity: interpersonal=0.1551 | Power: dominance=0.0213 | Self-direction: thought=0.0193
bce,1701,deberta-v3-base,schwartz,full,pareto_99,8,8,5,0.5,0.01,1.0,2,42,jaccard,0.1,0.2,0.0,EN_236,4,The most serious objections and concerns pertained to the law that will replace the so-called Katseli law which protected debtors’ primary homes from foreclosure under strict conditions.,Conformity: rules,Security: societal,Security: societal | Conformity: rules,,Conformity: rules,,,Conformity: rules,0.0,0.6666666666666666,0.6666666666666666,Security: societal=0.5301 | Conformity: rules=0.1795 | Universalism: concern=0.1444 | Security: personal=0.0717 | Achievement=0.0650
bce,1701,deberta-v3-base,schwartz,full,pareto_99,8,8,5,0.5,0.01,1.0,2,42,jaccard,0.1,0.2,0.0,EN_376,13,"“I’m delighted, so excited about it.",Stimulation,Hedonism,Stimulation | Hedonism,,Stimulation,,,Stimulation,0.0,0.6666666666666666,0.6666666666666666,Hedonism=0.5824 | Stimulation=0.3643 | Benevolence: caring=0.0259 | Achievement=0.0206 | Self-direction: thought=0.0180
bce,1701,deberta-v3-base,schwartz,full,pareto_99,8,8,5,0.5,0.01,1.0,2,42,jaccard,0.1,0.2,0.0,FR_001,3,The lifting of U.S. sanctions against Iran and its return to the export league are unlikely to change this.,Power: dominance,Power: resources,Power: dominance | Power: resources,,Power: dominance,,,Power: dominance,0.0,0.6666666666666666,0.6666666666666666,Power: dominance=0.1941 | Self-direction: action=0.1476 | Power: resources=0.1249 | Security: societal=0.0984 | Conformity: rules=0.0673
bce,1701,deberta-v3-base,schwartz,full,pareto_99,8,8,5,0.5,0.01,1.0,2,42,jaccard,0.1,0.2,0.0,HE_031,18,"The average salary increases and pensions, like benefits, decrease every year.",Power: resources,Achievement,Achievement | Power: resources,,Power: resources,,,Power: resources,0.0,0.6666666666666666,0.6666666666666666,Achievement=0.1555 | Power: resources=0.0885 | Security: societal=0.0528 | Benevolence: caring=0.0104 | Universalism: concern=0.0055
bce,1701,deberta-v3-base,schwartz,full,pareto_99,8,8,5,0.5,0.01,1.0,2,42,jaccard,0.1,0.2,0.0,HE_063,9,"The deficit in the state budget in relation to GDP, which in 2019 amounted to only 3.9%, also well above the target set by the government (2.9%), will reach this year according to the forecast of the Organization of Developed Countries a record negative rate of 13.8%.",Power: resources,Achievement,Achievement | Power: resources,,Power: resources,,,Power: resources,0.0,0.6666666666666666,0.6666666666666666,Achievement=0.5225 | Power: resources=0.0882 | Security: societal=0.0533 | Universalism: concern=0.0087 | Stimulation=0.0047
bce,1701,deberta-v3-base,schwartz,full,pareto_99,8,8,5,0.5,0.01,1.0,2,42,jaccard,0.1,0.2,0.0,HE_194,35,These women do not exhaust their rights in National Insurance.,Universalism: concern,Benevolence: caring,Benevolence: caring | Universalism: concern,,Universalism: concern,,,Universalism: concern,0.0,0.6666666666666666,0.6666666666666666,Universalism: concern=0.2958 | Benevolence: caring=0.2182 | Security: societal=0.0991 | Conformity: rules=0.0882 | Self-direction: action=0.0720
bce,1701,deberta-v3-base,schwartz,full,pareto_99,8,8,5,0.5,0.01,1.0,2,42,jaccard,0.1,0.2,0.0,HE_M_020,29,"To ensure the continued advancement and excellence of the higher education system in Israel, academic freedom must be protected.",Self-direction: thought,Self-direction: action,Self-direction: thought | Self-direction: action,,Self-direction: thought,,,Self-direction: thought,0.0,0.6666666666666666,0.6666666666666666,Self-direction: action=0.4957 | Universalism: concern=0.1706 | Stimulation=0.1292 | Self-direction: thought=0.1219 | Conformity: rules=0.0843
bce,1701,deberta-v3-base,schwartz,full,pareto_99,8,8,5,0.5,0.01,1.0,2,42,jaccard,0.1,0.2,0.0,HE_M_034,6,"Yesh Atid has acted, and will continue to act, in the face of the many challenges facing the immigrant population, the most prominent of which is the difficulty of integrating into employment.",Universalism: concern,,Benevolence: caring | Universalism: concern,,Benevolence: caring | Universalism: concern,,,Universalism: concern,0.0,0.6666666666666666,0.6666666666666666,Universalism: concern=0.3054 | Benevolence: caring=0.1843 | Self-direction: action=0.1385 | Conformity: rules=0.1088 | Security: societal=0.0995
bce,1701,deberta-v3-base,schwartz,full,pareto_99,8,8,5,0.5,0.01,1.0,2,42,jaccard,0.1,0.2,0.0,IT_M_007,16,Restore centrality to the Mediterranean in Italian and European policies.,Power: resources,Power: dominance,Power: dominance | Power: resources,,Power: resources,,,Power: resources,0.0,0.6666666666666666,0.6666666666666666,Power: dominance=0.3545 | Security: societal=0.1471 | Power: resources=0.0862 | Benevolence: dependability=0.0118 | Universalism: concern=0.0063
bce,1701,deberta-v3-base,schwartz,full,pareto_99,8,8,5,0.5,0.01,1.0,2,42,jaccard,0.1,0.2,0.0,TR_128,37,"Because although children are not actually affected by the disease, it creates a risk in terms of the spread of the disease.""",Security: societal,Security: personal,Security: personal | Security: societal,,Security: societal,,,Security: societal,0.0,0.6666666666666666,0.6666666666666666,Security: personal=0.6977 | Security: societal=0.3005 | Universalism: concern=0.0238 | Benevolence: caring=0.0144 | Hedonism=0.0045
bce,1701,deberta-v3-base,schwartz,full,pareto_99,8,8,5,0.5,0.01,1.0,2,42,jaccard,0.1,0.2,0.0,TR_244,14,We will stand by both the tenant and the landlord.,Benevolence: dependability,Benevolence: caring,Benevolence: caring | Benevolence: dependability,,Benevolence: dependability,,,Benevolence: dependability,0.0,0.6666666666666666,0.6666666666666666,Benevolence: caring=0.2820 | Benevolence: dependability=0.1664 | Conformity: interpersonal=0.0156 | Universalism: concern=0.0144 | Self-direction: action=0.0133
bce,1701,deberta-v3-base,schwartz,full,pareto_99,8,8,5,0.5,0.01,1.0,2,42,jaccard,0.1,0.2,0.0,BG_114,10,"The items were delivered where they were most needed and supported national efforts to save lives and better equip hospitals and health workers, said Crisis Management Commissioner Janez Lenarcic.",Benevolence: caring,Security: societal | Universalism: concern,Security: societal | Benevolence: caring | Universalism: concern,,Benevolence: caring,,,Benevolence: caring,0.0,0.5,0.5,Universalism: concern=0.5122 | Security: societal=0.3664 | Benevolence: caring=0.1895 | Security: personal=0.0644 | Achievement=0.0204
bce,1701,deberta-v3-base,schwartz,full,pareto_99,8,8,5,0.5,0.01,1.0,2,42,jaccard,0.1,0.2,0.0,EN_M_003,28,"We retain our commitment to the core subjects and also want young people to learn creative skills and widen their horizons, so we will offer an ‘arts premium’ to secondary schools to fund enriching activities for all pupils.",Stimulation,Hedonism | Benevolence: caring,Stimulation | Hedonism | Benevolence: caring,,Stimulation,,,Stimulation,0.0,0.5,0.5,Stimulation=0.3530 | Benevolence: caring=0.3410 | Hedonism=0.2515 | Self-direction: action=0.1201 | Universalism: concern=0.0627
bce,1701,deberta-v3-base,schwartz,full,pareto_99,8,8,5,0.5,0.01,1.0,2,42,jaccard,0.1,0.2,0.0,HE_029,27,"&quot;The good thing is that the committee was able to see the difficulties of LGBT families who have to jump through a series of hoops in order to recognize legal parentage for both,&quot; said Attorney Victoria Gelfand, who owns a law firm in the field of overseas surrogacy and LGBT rights.",Universalism: concern,Self-direction: thought | Universalism: tolerance,Self-direction: thought | Universalism: concern | Universalism: tolerance,,Universalism: concern,,,Universalism: concern,0.0,0.5,0.5,Universalism: tolerance=0.3059 | Universalism: concern=0.3056 | Self-direction: thought=0.1777 | Self-direction: action=0.0499 | Tradition=0.0264
bce,1701,deberta-v3-base,schwartz,full,pareto_99,8,8,5,0.5,0.01,1.0,2,42,jaccard,0.1,0.2,0.0,HE_M_037,12,"We believe that the space in which we live has an immeasurable effect on the quality of our lives, therefore we will make sure that the open spaces are accessible to all layers of the population, encourage social interaction and are maintained at a high level.",Universalism: concern | Universalism: nature,Benevolence: caring,Benevolence: caring | Universalism: concern,,Universalism: concern,,,Universalism: concern,0.0,0.5,0.5,Benevolence: caring=0.5742 | Universalism: concern=0.3091 | Security: societal=0.2516 | Stimulation=0.1406 | Security: personal=0.1156
bce,1701,deberta-v3-base,schwartz,full,pareto_99,8,8,5,0.5,0.01,1.0,2,42,jaccard,0.1,0.2,0.0,NL_115,24,"""It's a tricky situation, you can never create 100 percent safety, but my message to fans is: always wear a mask when you come to the Tour.",Security: societal | Conformity: rules,Security: personal,Security: personal | Security: societal,,Security: societal,,,Security: societal,0.0,0.5,0.5,Security: personal=0.6587 | Security: societal=0.3012 | Universalism: concern=0.0253 | Benevolence: caring=0.0224 | Self-direction: action=0.0206
bce,1701,deberta-v3-base,schwartz,full,pareto_99,8,8,5,0.5,0.01,1.0,2,42,jaccard,0.1,0.2,0.0,TR_173,2,"Opening the meeting, Sergey Lagodinsky, Co-Chair of the Turkey-EU Joint Parliamentary Committee, reminded that they came together for the first time after the earthquake in Turkey on February 6 and that the EU organized a donors' conference for earthquake victims in Turkey and Syria during this period and pointed out the importance of the EU's support to Turkey.",Security: societal | Benevolence: caring,Benevolence: dependability,Benevolence: caring | Benevolence: dependability,,Benevolence: caring,,,Benevolence: caring,0.0,0.5,0.5,Benevolence: dependability=0.7213 | Benevolence: caring=0.1795 | Universalism: concern=0.1193 | Security: societal=0.1178 | Tradition=0.0448
bce,1701,deberta-v3-base,schwartz,full,pareto_99,8,8,5,0.5,0.01,1.0,2,42,jaccard,0.1,0.2,0.0,BG_026,6,"To expropriate all the sands, about 1 billion BGN is needed, Avramova said.",Power: resources,Power: resources | Universalism: nature,Power: resources,Universalism: nature,,Universalism: nature,,,0.6666666666666666,1.0,0.33333333333333337,Power: resources=0.3053 | Universalism: nature=0.1524 | Security: societal=0.0917 | Conformity: rules=0.0720 | Power: dominance=0.0314
bce,1701,deberta-v3-base,schwartz,full,pareto_99,8,8,5,0.5,0.01,1.0,2,42,jaccard,0.1,0.2,0.0,BG_028,10,"Earlier, the leader of the protests and chairwoman of the newly formed Syndicate of Medical Professionals Maya Ilieva vowed together with her colleagues not to leave until they are accepted.",Self-direction: action,Self-direction: action | Conformity: interpersonal,Self-direction: action,Conformity: interpersonal,,Conformity: interpersonal,,,0.6666666666666666,1.0,0.33333333333333337,Self-direction: action=0.5694 | Conformity: interpersonal=0.1503 | Power: dominance=0.1310 | Benevolence: dependability=0.0628 | Conformity: rules=0.0456
bce,1984,deberta-v3-base,schwartz,full,pareto_99,8,8,5,0.5,0.01,1.0,2,42,jaccard,0.1,0.2,0.0,BG_113,8,"The aim is to help the elderly, those with chronic illnesses or those who have difficulty moving, who are at risk of infection when waiting in queues in shops and pharmacies.",Benevolence: caring,Universalism: concern,Benevolence: caring | Universalism: concern,,Benevolence: caring,,,Benevolence: caring,0.0,0.6666666666666666,0.6666666666666666,Security: personal=0.2482 | Benevolence: caring=0.2335 | Universalism: concern=0.1877 | Security: societal=0.1400 | Conformity: rules=0.0119
bce,1984,deberta-v3-base,schwartz,full,pareto_99,8,8,5,0.5,0.01,1.0,2,42,jaccard,0.1,0.2,0.0,BG_217,15,"""Democratic Bulgaria"" also insists on reducing the interest for late payments, increasing the VAT registration threshold to 100 thousand BGN and 9% VAT for heating, gas and electricity.",Universalism: concern,Benevolence: caring,Benevolence: caring | Universalism: concern,,Universalism: concern,,,Universalism: concern,0.0,0.6666666666666666,0.6666666666666666,Benevolence: caring=0.3923 | Power: resources=0.1996 | Universalism: concern=0.1547 | Conformity: rules=0.1162 | Security: societal=0.1097
bce,1984,deberta-v3-base,schwartz,full,pareto_99,8,8,5,0.5,0.01,1.0,2,42,jaccard,0.1,0.2,0.0,DE_051,25,"The head of the Thai immigration police, Surachate Hakparn, said in Bangkok: ""It was her own wish to go to Canada.",Self-direction: thought,Self-direction: action,Self-direction: thought | Self-direction: action,,Self-direction: thought,,,Self-direction: thought,0.0,0.6666666666666666,0.6666666666666666,Self-direction: action=0.1904 | Self-direction: thought=0.0595 | Conformity: interpersonal=0.0218 | Stimulation=0.0164 | Face=0.0136
bce,1984,deberta-v3-base,schwartz,full,pareto_99,8,8,5,0.5,0.01,1.0,2,42,jaccard,0.1,0.2,0.0,DE_196,22,"In these times of crisis, the church has the task of arguing with reason and being a reliable partner for people and supporting them with its charitable institutions.",Benevolence: caring,Benevolence: dependability,Benevolence: caring | Benevolence: dependability,,Benevolence: caring,,,Benevolence: caring,0.0,0.6666666666666666,0.6666666666666666,Benevolence: dependability=0.5950 | Benevolence: caring=0.2348 | Universalism: concern=0.0765 | Stimulation=0.0369 | Self-direction: action=0.0315
bce,1984,deberta-v3-base,schwartz,full,pareto_99,8,8,5,0.5,0.01,1.0,2,42,jaccard,0.1,0.2,0.0,DE_196,4,"In these difficult times, the church could provide support and orientation, but it also has a lot to do with itself at the moment.",Benevolence: dependability,Benevolence: caring,Benevolence: caring | Benevolence: dependability,,Benevolence: dependability,,,Benevolence: dependability,0.0,0.6666666666666666,0.6666666666666666,Benevolence: caring=0.6900 | Benevolence: dependability=0.1782 | Universalism: concern=0.0738 | Self-direction: action=0.0314 | Security: societal=0.0280
bce,1984,deberta-v3-base,schwartz,full,pareto_99,8,8,5,0.5,0.01,1.0,2,42,jaccard,0.1,0.2,0.0,EL_022,18,"Furthermore, Deree's curriculum cultivates high-level knowledge and skills that are applicable to a broader business field related to logistics and supply chain management.",Stimulation,Achievement,Stimulation | Achievement,,Stimulation,,,Stimulation,0.0,0.6666666666666666,0.6666666666666666,Achievement=0.3602 | Stimulation=0.1959 | Self-direction: action=0.0263 | Self-direction: thought=0.0134 | Power: resources=0.0107
bce,1984,deberta-v3-base,schwartz,full,pareto_99,8,8,5,0.5,0.01,1.0,2,42,jaccard,0.1,0.2,0.0,EL_218,13,"According to the Universal Declaration of Human Rights, everyone has the right to freedom of opinion and expression without adverse consequences and to seek, receive and impart information and ideas through any media and anywhere in the world. 2.",Universalism: tolerance,Universalism: concern,Universalism: concern | Universalism: tolerance,,Universalism: tolerance,,,Universalism: tolerance,0.0,0.6666666666666666,0.6666666666666666,Universalism: concern=0.8872 | Universalism: tolerance=0.2031 | Self-direction: action=0.0626 | Power: dominance=0.0503 | Security: societal=0.0458
bce,1984,deberta-v3-base,schwartz,full,pareto_99,8,8,5,0.5,0.01,1.0,2,42,jaccard,0.1,0.2,0.0,HE_056,33,The first lie - the Director General of the Ministry of the Interior never ordered me anything but helped my request to convince the Israel Police to close the loopholes.&quot;,Face,Power: dominance,Power: dominance | Face,,Face,,,Face,0.0,0.6666666666666666,0.6666666666666666,Power: dominance=0.7377 | Face=0.2413 | Conformity: rules=0.1132 | Achievement=0.0301 | Conformity: interpersonal=0.0287
bce,1984,deberta-v3-base,schwartz,full,pareto_99,8,8,5,0.5,0.01,1.0,2,42,jaccard,0.1,0.2,0.0,IT_183,19,"This and other thoughts have tilted markets toward a cautious approach, especially in Europe, while Wall Street has been able to update its records.",Achievement,Power: resources,Achievement | Power: resources,,Achievement,,,Achievement,0.0,0.6666666666666666,0.6666666666666666,Power: resources=0.2155 | Stimulation=0.1528 | Achievement=0.1298 | Security: societal=0.0422 | Self-direction: action=0.0251
bce,1984,deberta-v3-base,schwartz,full,pareto_99,8,8,5,0.5,0.01,1.0,2,42,jaccard,0.1,0.2,0.0,NL_261,31,"Last year, more than a quarter of high school teachers had to deal with students cursing, intimidating or even using physical violence against their teacher, a survey of more than a thousand teachers by research firm DUO showed in November.",Security: societal,Security: personal,Security: personal | Security: societal,,Security: societal,,,Security: societal,0.0,0.6666666666666666,0.6666666666666666,Security: societal=0.4205 | Security: personal=0.3106 | Conformity: interpersonal=0.0981 | Universalism: tolerance=0.0843 | Universalism: concern=0.0585
bce,1984,deberta-v3-base,schwartz,full,pareto_99,8,8,5,0.5,0.01,1.0,2,42,jaccard,0.1,0.2,0.0,TR_032,17,"If internet browsers give a warning about a site, it is also important to take this warning into account and leave the site in order to stay safe.""",Security: personal,Security: societal,Security: personal | Security: societal,,Security: personal,,,Security: personal,0.0,0.6666666666666666,0.6666666666666666,Security: societal=0.5684 | Security: personal=0.3010 | Conformity: rules=0.0846 | Conformity: interpersonal=0.0303 | Universalism: concern=0.0222
bce,1984,deberta-v3-base,schwartz,full,pareto_99,8,8,5,0.5,0.01,1.0,2,42,jaccard,0.1,0.2,0.0,TR_173,20,"Kaymakcı also expressed his gratitude for the support provided by the EU and member states following the earthquakes in Turkey on February 6, centered in Kahramanmaraş.",Benevolence: caring,Benevolence: dependability,Benevolence: caring | Benevolence: dependability,,Benevolence: caring,,,Benevolence: caring,0.0,0.6666666666666666,0.6666666666666666,Benevolence: dependability=0.5576 | Benevolence: caring=0.2249 | Conformity: interpersonal=0.0338 | Achievement=0.0265 | Universalism: concern=0.0250
bce,1984,deberta-v3-base,schwartz,full,pareto_99,8,8,5,0.5,0.01,1.0,2,42,jaccard,0.1,0.2,0.0,TR_245,22,"""In addition to generating more revenue by exporting less gas, Russian oil production grew by 3 and a half percent this year despite sanctions,"" he explained.",Achievement,Power: resources,Achievement | Power: resources,,Achievement,,,Achievement,0.0,0.6666666666666666,0.6666666666666666,Power: resources=0.8374 | Achievement=0.1289 | Security: societal=0.0136 | Power: dominance=0.0112 | Stimulation=0.0109
bce,1984,deberta-v3-base,schwartz,full,pareto_99,8,8,5,0.5,0.01,1.0,2,42,jaccard,0.1,0.2,0.0,DE_001,29,"While business associations criticize the plans, critics of tax justice are full of praise: Tobias Hauschild from Oxfam Germany speaks of an important first step towards more transparency in corporate taxation.",Stimulation,Self-direction: thought | Self-direction: action,Self-direction: thought | Self-direction: action | Stimulation,,Stimulation,,,Stimulation,0.0,0.5,0.5,Stimulation=0.1778 | Self-direction: action=0.1604 | Self-direction: thought=0.0802 | Universalism: concern=0.0473 | Achievement=0.0357
bce,1984,deberta-v3-base,schwartz,full,pareto_99,8,8,5,0.5,0.01,1.0,2,42,jaccard,0.1,0.2,0.0,DE_191,36,"""We always read in our family, we were never bored.""",Stimulation | Tradition,Hedonism,Stimulation | Hedonism,,Stimulation,,,Stimulation,0.0,0.5,0.5,Hedonism=0.8493 | Stimulation=0.1996 | Achievement=0.0418 | Humility=0.0357 | Self-direction: thought=0.0320
bce,1984,deberta-v3-base,schwartz,full,pareto_99,8,8,5,0.5,0.01,1.0,2,42,jaccard,0.1,0.2,0.0,DE_283,28,"They were seen as the next Greens, as a party that takes up an issue that other parties neglect, but which is becoming increasingly important to voters.",Self-direction: thought,Self-direction: action | Stimulation,Self-direction: thought | Self-direction: action | Stimulation,,Self-direction: thought,,,Self-direction: thought,0.0,0.5,0.5,Stimulation=0.2540 | Self-direction: action=0.2494 | Benevolence: dependability=0.0637 | Self-direction: thought=0.0582 | Achievement=0.0538
bce,1984,deberta-v3-base,schwartz,full,pareto_99,8,8,5,0.5,0.01,1.0,2,42,jaccard,0.1,0.2,0.0,EN_376,4,Extra train and bus services are bringing hordes of both golf fans as well as celebrity spotters up to the north coast this week to experience the buzz of the first Open Championship in Portrush since 1951.,Hedonism,Stimulation | Achievement,Stimulation | Hedonism | Achievement,,Hedonism,,,Hedonism,0.0,0.5,0.5,Hedonism=0.4204 | Stimulation=0.2559 | Achievement=0.1389 | Humility=0.0235 | Face=0.0215
bce,1984,deberta-v3-base,schwartz,full,pareto_99,8,8,5,0.5,0.01,1.0,2,42,jaccard,0.1,0.2,0.0,IT_M_013,8,"Being a vanguard in Europe in this area would bring enormous benefits to the country: creation of new, highly skilled jobs, enfranchisement from non-European solutions in strategic areas, and protection and enforcement of citizens' rights.",Stimulation,Achievement,Self-direction: action | Stimulation | Achievement,,Self-direction: action | Stimulation,,,Stimulation,0.0,0.5,0.5,Achievement=0.2422 | Stimulation=0.1981 | Benevolence: caring=0.1780 | Self-direction: action=0.1370 | Security: societal=0.1240
bce,1984,deberta-v3-base,schwartz,full,pareto_99,8,8,5,0.5,0.01,1.0,2,42,jaccard,0.1,0.2,0.0,TR_133,30,"In his own handwritten letter to Behiç, Mustafa Kemal wrote the meaning of Erkin as follows: ""An independent person who has the courage to speak his own truth under all circumstances.""",Self-direction: action,Self-direction: thought | Benevolence: dependability,Self-direction: thought | Self-direction: action | Benevolence: dependability,,Self-direction: action,,,Self-direction: action,0.0,0.5,0.5,Benevolence: dependability=0.4297 | Self-direction: action=0.1302 | Benevolence: caring=0.1249 | Conformity: interpersonal=0.1194 | Self-direction: thought=0.0656
bce,1984,deberta-v3-base,schwartz,full,pareto_99,8,8,5,0.5,0.01,1.0,2,42,jaccard,0.1,0.2,0.0,TR_290,6,"For every country we visit, we strive to create values specific to that geography.",Self-direction: action | Universalism: concern,Self-direction: thought,Self-direction: thought | Self-direction: action,,Self-direction: action,,,Self-direction: action,0.0,0.5,0.5,Stimulation=0.1622 | Self-direction: action=0.1315 | Self-direction: thought=0.0642 | Benevolence: dependability=0.0430 | Achievement=0.0217
bce,1984,deberta-v3-base,schwartz,full,pareto_99,8,8,5,0.5,0.01,1.0,2,42,jaccard,0.1,0.2,0.0,DE_294,23,"""There is no politician in Tunisia who can really change the course."" The parliamentary elections will not change this.",Stimulation,Self-direction: thought | Self-direction: action | Achievement,Self-direction: thought | Self-direction: action | Stimulation | Achievement,,Stimulation,,,Stimulation,0.0,0.4,0.4,Self-direction: action=0.4660 | Stimulation=0.1743 | Achievement=0.1674 | Self-direction: thought=0.0986 | Power: dominance=0.0626
bce,1984,deberta-v3-base,schwartz,full,pareto_99,8,8,5,0.5,0.01,1.0,2,42,jaccard,0.1,0.2,0.0,HE_194,13,"Another agreement relates to the definition of the goals of the reform and the authority to regulate, beyond the need for economic efficiency, concern for the environment, as well as safety and public health, will be added.",Achievement | Security: societal | Universalism: nature,Conformity: rules,Security: societal | Conformity: rules,,Security: societal,,,Security: societal,0.0,0.4,0.4,Conformity: rules=0.8481 | Security: societal=0.4342 | Universalism: concern=0.0485 | Achievement=0.0430 | Power: resources=0.0361
bce,1984,deberta-v3-base,schwartz,full,pareto_99,8,8,5,0.5,0.01,1.0,2,42,jaccard,0.1,0.2,0.0,NL_078,3,One of the few journalists who was critical of the Rwandan government is dead.,Self-direction: thought,Conformity: interpersonal | Universalism: concern | Universalism: tolerance,Self-direction: thought | Conformity: interpersonal | Universalism: concern | Universalism: tolerance,,Self-direction: thought,,,Self-direction: thought,0.0,0.4,0.4,Universalism: tolerance=0.2539 | Universalism: concern=0.1928 | Conformity: interpersonal=0.1634 | Benevolence: dependability=0.0788 | Self-direction: thought=0.0547
bce,1984,deberta-v3-base,schwartz,full,pareto_99,8,8,5,0.5,0.01,1.0,2,42,jaccard,0.1,0.2,0.0,TR_245,32,"According to Le Monde yesterday, ""most emerging countries have learned from previous crises.",Achievement,Self-direction: thought | Self-direction: action | Stimulation,Self-direction: thought | Self-direction: action | Stimulation | Achievement,,Achievement,,,Achievement,0.0,0.4,0.4,Stimulation=0.5333 | Self-direction: action=0.1930 | Achievement=0.1281 | Self-direction: thought=0.0830 | Security: societal=0.0668
bce,1984,deberta-v3-base,schwartz,full,pareto_99,8,8,5,0.5,0.01,1.0,2,42,jaccard,0.1,0.2,0.0,BG_007,37,"First you have to find a line of agreement, then convince one or two forces to be of one mind, to gather energy.",Benevolence: dependability,Achievement | Benevolence: dependability,Benevolence: dependability,Achievement,,Achievement,,,0.6666666666666666,1.0,0.33333333333333337,Benevolence: dependability=0.2126 | Achievement=0.1450 | Power: dominance=0.0932 | Face=0.0361 | Self-direction: action=0.0346
