method,seed,model_slug,objective,top_k,max_candidates,max_labels,threshold_factor,min_prob,marginal_temperature,neighbor_steps,alpha_neighbor,beta_opposite,gamma_cardinality,validation_macro_f1,validation_micro_f1,validation_macro_auprc,validation_micro_auprc,validation_circular_error,validation_opposite_value_activation,validation_neighbor_error_rate,validation_opposite_error_rate,validation_confusion_distance_correlation,validation_decoder_geometry_cost,validation_n_predictions,validation_prediction_rate,test_macro_f1,test_micro_f1,test_macro_auprc,test_micro_auprc,test_circular_error,test_opposite_value_activation,test_neighbor_error_rate,test_opposite_error_rate,test_confusion_distance_correlation,test_decoder_geometry_cost,test_n_predictions,test_prediction_rate
bce,7,deberta-v3-base,standard,8,8,5,0.5,0.01,1.0,2,0.0,0.0,0.0,0.3045814004479097,0.3556668753913588,0.23252428239654177,0.2871738241749431,0.1480912471355951,0.05745671938918532,0.17013478363679357,0.5277843461811302,-0.07894363128204214,0.6189754985358816,12150.0,0.04290617848970252,0.2936736627630485,0.3475988561285869,0.23795926960713357,0.28730297439899594,0.14392374339356276,0.05411234585142704,0.1912719403702813,0.5159894205337822,-0.12424872169013074,0.5830126392139328,11843.0,0.0427837044048105
bce,7,deberta-v3-base,f1,8,8,5,0.5,0.01,1.0,2,0.0,0.0,0.0,0.3045814004479097,0.3556668753913588,0.23252428239654177,0.2871738241749431,0.1480912471355951,0.05745671938918532,0.17013478363679357,0.5277843461811302,-0.07894363128204214,0.6189754985358816,12150.0,0.04290617848970252,0.2936736627630485,0.3475988561285869,0.23795926960713357,0.28730297439899594,0.14392374339356276,0.05411234585142704,0.1912719403702813,0.5159894205337822,-0.12424872169013074,0.5830126392139328,11843.0,0.0427837044048105
bce,7,deberta-v3-base,pareto_99,8,8,5,0.5,0.01,1.0,2,0.1,0.2,0.0,0.30216519290594374,0.3542160514730782,0.2288535265565217,0.27706447080727387,0.30734291690070104,0.11968691813276754,0.1728777235385165,0.525657816406715,-0.09199248659204233,0.6065430533531893,12060.0,0.04258835494533435,0.2943628315106296,0.34822089522775507,0.23512684013224416,0.28064444075754685,0.30010697867988234,0.11396784859500882,0.19431051108968178,0.5130183220829315,-0.13837182959361163,0.5689570035790017,11824.0,0.04271506551401498
bce,7,deberta-v3-base,pareto_98,8,8,5,0.5,0.01,1.0,2,0.1,0.2,0.02,0.30019036982915975,0.3536727555382822,0.22882562466468118,0.2770938774298241,0.304484826051279,0.1185432789373771,0.17256690267610705,0.5265810632425297,-0.09291140914283592,0.6062365567758009,11973.0,0.04228112551911179,0.29419246472209787,0.34829567974633374,0.23507398909896152,0.2806155870727003,0.29730571513909676,0.11287606243965842,0.1939246658566221,0.513730255164034,-0.1387950770701493,0.5688598439505069,11745.0,0.04242967223123358
bce,7,deberta-v3-base,pareto_95,8,8,5,0.5,0.01,1.0,2,0.1,0.2,0.02,0.30019036982915975,0.3536727555382822,0.22882562466468118,0.2770938774298241,0.304484826051279,0.1185432789373771,0.17256690267610705,0.5265810632425297,-0.09291140914283592,0.6062365567758009,11973.0,0.04228112551911179,0.29419246472209787,0.34829567974633374,0.23507398909896152,0.2806155870727003,0.29730571513909676,0.11287606243965842,0.1939246658566221,0.513730255164034,-0.1387950770701493,0.5688598439505069,11745.0,0.04242967223123358
bce,11,deberta-v3-base,standard,8,8,5,0.5,0.01,1.0,2,0.0,0.0,0.0,0.31588999353635394,0.3623724301138885,0.24528605104717605,0.30391036408868977,0.11693045269784727,0.04343668584918045,0.1783168688258097,0.508690759034638,-0.09009803167655618,0.5969095961838915,11672.0,0.04121818233183603,0.295947691274214,0.34885013899418754,0.24603551512745064,0.30047407226307216,0.11382629584847742,0.04154926357330836,0.1850538315389487,0.5099430018999367,-0.13997855417002122,0.5550182792688642,11346.0,0.04098825552452757
bce,11,deberta-v3-base,f1,8,8,5,0.5,0.01,1.0,2,0.0,0.05,0.0,0.31614088811755525,0.3627358724184042,0.2425820683880914,0.2931564306030187,0.3102209599547328,0.12408564608213989,0.17832786057085123,0.5088406163172519,-0.09592958621558158,0.5912388906725216,11580.0,0.04089329604203746,0.2963818603070986,0.349238578680203,0.24250608264647955,0.2882530535917026,0.30015852839741397,0.11540548378255311,0.18501470400204578,0.5101649405446874,-0.14528050646101762,0.5498991380857156,11261.0,0.040681186802547585
bce,11,deberta-v3-base,pareto_99,8,8,5,0.5,0.01,1.0,2,0.1,0.2,0.0,0.31397112998283505,0.3609134045077105,0.24288110822671166,0.2928801874904112,0.30537605761712305,0.11939950496968876,0.1823086574654956,0.5047678795483062,-0.1096466146477112,0.5774299223660906,11621.0,0.04103808232336074,0.29653388137807096,0.3495539334955393,0.2426326309053726,0.2882321757979304,0.29555132616752444,0.11094689602641758,0.18900650427241422,0.5079709220762658,-0.16114498256435847,0.5358324437843216,11289.0,0.04078233885214099
bce,11,deberta-v3-base,pareto_98,8,8,5,0.5,0.01,1.0,2,0.1,0.2,0.0,0.31397112998283505,0.3609134045077105,0.24288110822671166,0.2928801874904112,0.30537605761712305,0.11939950496968876,0.1823086574654956,0.5047678795483062,-0.1096466146477112,0.5774299223660906,11621.0,0.04103808232336074,0.29653388137807096,0.3495539334955393,0.2426326309053726,0.2882321757979304,0.29555132616752444,0.11094689602641758,0.18900650427241422,0.5079709220762658,-0.16114498256435847,0.5358324437843216,11289.0,0.04078233885214099
bce,11,deberta-v3-base,pareto_95,8,8,5,0.5,0.01,1.0,2,0.1,0.2,0.0,0.31397112998283505,0.3609134045077105,0.24288110822671166,0.2928801874904112,0.30537605761712305,0.11939950496968876,0.1823086574654956,0.5047678795483062,-0.1096466146477112,0.5774299223660906,11621.0,0.04103808232336074,0.29653388137807096,0.3495539334955393,0.2426326309053726,0.2882321757979304,0.29555132616752444,0.11094689602641758,0.18900650427241422,0.5079709220762658,-0.16114498256435847,0.5358324437843216,11289.0,0.04078233885214099
bce,42,deberta-v3-base,standard,8,8,5,0.5,0.01,1.0,2,0.0,0.0,0.0,0.3051775050713913,0.3462186492081067,0.23041633713948007,0.2762630740326968,0.12844459499816663,0.04759334650044733,0.18363296754611252,0.528251225776325,-0.0973636343265864,0.6145205589958511,12162.0,0.04294855496228494,0.29630508385730386,0.33617000344335674,0.2312928042550224,0.27116088144330946,0.12714188766778417,0.04555671759531583,0.1947362209370943,0.5176442818364215,-0.14557562479692246,0.5668048779765934,11890.0,0.04295349534519943
bce,42,deberta-v3-base,f1,8,8,5,0.5,0.01,1.0,2,0.0,0.0,0.0,0.3051775050713913,0.3462186492081067,0.23041633713948007,0.2762630740326968,0.12844459499816663,0.04759334650044733,0.18363296754611252,0.528251225776325,-0.0973636343265864,0.6145205589958511,12162.0,0.04294855496228494,0.29630508385730386,0.33617000344335674,0.2312928042550224,0.27116088144330946,0.12714188766778417,0.04555671759531583,0.1947362209370943,0.5176442818364215,-0.14557562479692246,0.5668048779765934,11890.0,0.04295349534519943
bce,42,deberta-v3-base,pareto_99,8,8,5,0.5,0.01,1.0,2,0.1,0.2,0.0,0.3036877732453511,0.3448839332916807,0.22796231297945144,0.2648377206711484,0.27796314708494746,0.10540139364089657,0.18901022304832713,0.5247444237918215,-0.11614861931010435,0.5976060275300443,12196.0,0.0430686216346018,0.29748236003614675,0.33688657464262906,0.22955949194678668,0.2638257240814199,0.26961983646719784,0.09831915134152656,0.19860996583814347,0.5153728354340912,-0.16258118471672872,0.551401616555506,11918.0,0.04305464739479284
bce,42,deberta-v3-base,pareto_98,8,8,5,0.5,0.01,1.0,2,0.1,0.2,0.0,0.3036877732453511,0.3448839332916807,0.22796231297945144,0.2648377206711484,0.27796314708494746,0.10540139364089657,0.18901022304832713,0.5247444237918215,-0.11614861931010435,0.5976060275300443,12196.0,0.0430686216346018,0.29748236003614675,0.33688657464262906,0.22955949194678668,0.2638257240814199,0.26961983646719784,0.09831915134152656,0.19860996583814347,0.5153728354340912,-0.16258118471672872,0.551401616555506,11918.0,0.04305464739479284
bce,42,deberta-v3-base,pareto_95,8,8,5,0.5,0.01,1.0,2,0.1,0.2,0.0,0.3036877732453511,0.3448839332916807,0.22796231297945144,0.2648377206711484,0.27796314708494746,0.10540139364089657,0.18901022304832713,0.5247444237918215,-0.11614861931010435,0.5976060275300443,12196.0,0.0430686216346018,0.29748236003614675,0.33688657464262906,0.22955949194678668,0.2638257240814199,0.26961983646719784,0.09831915134152656,0.19860996583814347,0.5153728354340912,-0.16258118471672872,0.551401616555506,11918.0,0.04305464739479284
bce,1701,deberta-v3-base,standard,8,8,5,0.5,0.01,1.0,2,0.0,0.0,0.0,0.30014412472633173,0.34835432953244033,0.22884096541504556,0.2845076687227658,0.14230133004306172,0.05375219988258713,0.17832957110609482,0.49473288186606473,-0.07169572991897216,0.6013667230531874,11472.0,0.04051190778879566,0.29376666084554354,0.3434054716210698,0.23144312852735652,0.27945112350723494,0.13842230956077592,0.050716616326182185,0.1938631403261009,0.4932597252535627,-0.1302412884034384,0.5568815771762252,11153.0,0.04029102889697302
bce,1701,deberta-v3-base,f1,8,8,5,0.5,0.01,1.0,2,0.0,0.0,0.0,0.30014412472633173,0.34835432953244033,0.22884096541504556,0.2845076687227658,0.14230133004306172,0.05375219988258713,0.17832957110609482,0.49473288186606473,-0.07169572991897216,0.6013667230531874,11472.0,0.04051190778879566,0.29376666084554354,0.3434054716210698,0.23144312852735652,0.27945112350723494,0.13842230956077592,0.050716616326182185,0.1938631403261009,0.4932597252535627,-0.1302412884034384,0.5568815771762252,11153.0,0.04029102889697302
bce,1701,deberta-v3-base,pareto_99,8,8,5,0.5,0.01,1.0,2,0.1,0.2,0.0,0.29811554874884905,0.3470082049229538,0.22651176116884003,0.27820078631351625,0.29878492442985666,0.11315594307094919,0.1823239347578708,0.49108610443798206,-0.0939288280917727,0.5794812111040801,11377.0,0.04017642738085148,0.2945307313325027,0.3445098541080112,0.22902949916261975,0.2773434154463456,0.2892318460569346,0.10708019388644384,0.1966110464364248,0.4904928211098176,-0.14549797262665168,0.5416058949195908,11096.0,0.04008511222458645
bce,1701,deberta-v3-base,pareto_98,8,8,5,0.5,0.01,1.0,2,0.1,0.2,0.0,0.29811554874884905,0.3470082049229538,0.22651176116884003,0.27820078631351625,0.29878492442985666,0.11315594307094919,0.1823239347578708,0.49108610443798206,-0.0939288280917727,0.5794812111040801,11377.0,0.04017642738085148,0.2945307313325027,0.3445098541080112,0.22902949916261975,0.2773434154463456,0.2892318460569346,0.10708019388644384,0.1966110464364248,0.4904928211098176,-0.14549797262665168,0.5416058949195908,11096.0,0.04008511222458645
bce,1701,deberta-v3-base,pareto_95,8,8,5,0.5,0.01,1.0,2,0.1,0.2,0.0,0.29811554874884905,0.3470082049229538,0.22651176116884003,0.27820078631351625,0.29878492442985666,0.11315594307094919,0.1823239347578708,0.49108610443798206,-0.0939288280917727,0.5794812111040801,11377.0,0.04017642738085148,0.2945307313325027,0.3445098541080112,0.22902949916261975,0.2773434154463456,0.2892318460569346,0.10708019388644384,0.1966110464364248,0.4904928211098176,-0.14549797262665168,0.5416058949195908,11096.0,0.04008511222458645
bce,1984,deberta-v3-base,standard,8,8,5,0.5,0.01,1.0,2,0.0,0.0,0.0,0.29213436442689583,0.3388998962166242,0.2230235796825044,0.2769007511400431,0.1492926955602996,0.053192655704906534,0.18977209560867148,0.5010561423012785,-0.09931090733161964,0.5915173305783303,12587.0,0.04444938836624573,0.28714713938201364,0.3364108482400462,0.22998026951908604,0.281487469553414,0.1476620194752777,0.05201028334838761,0.19245964555818942,0.5089739248222147,-0.14628023645391378,0.5551533339264904,12357.0,0.04464056702948944
bce,1984,deberta-v3-base,f1,8,8,5,0.5,0.01,1.0,2,0.0,0.1,0.0,0.2928698890143192,0.3396477867682056,0.21939181550586656,0.2722893838990733,0.32876269557004095,0.1244527595963091,0.18888008153097044,0.5023213679085041,-0.10399054083619083,0.5872109086032837,12399.0,0.04378549029578778,0.28529285045431146,0.33734005428460645,0.22578942567028945,0.2784644777377488,0.3205164934425947,0.1172416415909331,0.19178239412372317,0.5113049466314702,-0.1523710791871258,0.5507162615680676,12193.0,0.044048105024728064
bce,1984,deberta-v3-base,pareto_99,8,8,5,0.5,0.01,1.0,2,0.1,0.2,0.0,0.29186121360630074,0.3382304312910388,0.21950119297750928,0.2718102831935397,0.32783207195782677,0.12252290994421718,0.19269325016707506,0.49910893294720426,-0.11502256611935802,0.5767796169949213,12558.0,0.04434697855750487,0.2886977601672841,0.33604075551497087,0.22613857318606764,0.2780446381710954,0.31944876945091066,0.11517103736939145,0.1953336339044184,0.5090171325518486,-0.16206917422184808,0.5422815922344189,12368.0,0.044680305334686844
bce,1984,deberta-v3-base,pareto_98,8,8,5,0.5,0.01,1.0,2,0.1,0.2,0.0,0.29186121360630074,0.3382304312910388,0.21950119297750928,0.2718102831935397,0.32783207195782677,0.12252290994421718,0.19269325016707506,0.49910893294720426,-0.11502256611935802,0.5767796169949213,12558.0,0.04434697855750487,0.2886977601672841,0.33604075551497087,0.22613857318606764,0.2780446381710954,0.31944876945091066,0.11517103736939145,0.1953336339044184,0.5090171325518486,-0.16206917422184808,0.5422815922344189,12368.0,0.044680305334686844
bce,1984,deberta-v3-base,pareto_95,8,8,5,0.5,0.01,1.0,2,0.1,0.2,0.0,0.29186121360630074,0.3382304312910388,0.21950119297750928,0.2718102831935397,0.32783207195782677,0.12252290994421718,0.19269325016707506,0.49910893294720426,-0.11502256611935802,0.5767796169949213,12558.0,0.04434697855750487,0.2886977601672841,0.33604075551497087,0.22613857318606764,0.2780446381710954,0.31944876945091066,0.11517103736939145,0.1953336339044184,0.5090171325518486,-0.16206917422184808,0.5422815922344189,12368.0,0.044680305334686844
