method,model_name,split,threshold_source,label,f1_mean,f1_std,f1_count,auprc_mean,auprc_std,auprc_count,gold_mean,gold_std,gold_count,pred_mean,pred_std,pred_count,gold_rate_mean,gold_rate_std,gold_rate_count,pred_rate_mean,pred_rate_std,pred_rate_count,f1_mean_std,auprc_mean_std,gold_mean_std,pred_mean_std,gold_rate_mean_std,pred_rate_mean_std
asl,microsoft/deberta-v3-base,test,provided,Achievement,0.3499877581386895,0.02060226351383579,5,0.29964731425946795,0.03184433787315242,5,911.0,0.0,5,1101.0,181.39597569957277,5,0.06253002951472304,0.0,5,0.07557141876587274,0.01245081856679064,5,0.3500 ± 0.0206,0.2996 ± 0.0318,911.0000 ± 0.0000,1101.0000 ± 181.3960,0.0625 ± 0.0000,0.0756 ± 0.0125
asl,microsoft/deberta-v3-base,test,provided,Benevolence: caring,0.20857436488384257,0.03543157448398951,5,0.13637276123679504,0.038862663601344945,5,324.0,0.0,5,518.0,158.5118292115765,5,0.022239000617750016,0.0,5,0.03555494543208182,0.01088007613505227,5,0.2086 ± 0.0354,0.1364 ± 0.0389,324.0000 ± 0.0000,518.0000 ± 158.5118,0.0222 ± 0.0000,0.0356 ± 0.0109
asl,microsoft/deberta-v3-base,test,provided,Benevolence: dependability,0.2665339340763133,0.02634271797392417,5,0.18538573461269284,0.032624645660805036,5,288.0,0.0,5,293.8,79.58454623857574,5,0.019768000549111125,0.0,5,0.02016610611572517,0.005462594978280992,5,0.2665 ± 0.0263,0.1854 ± 0.0326,288.0000 ± 0.0000,293.8000 ± 79.5845,0.0198 ± 0.0000,0.0202 ± 0.0055
asl,microsoft/deberta-v3-base,test,provided,Conformity: interpersonal,0.113383064959834,0.018787669296699436,5,0.06174356776285095,0.015720384530864964,5,195.0,0.0,5,284.2,79.07401595973231,5,0.013384583705127327,0.0,5,0.019507172764088133,0.005427552746223647,5,0.1134 ± 0.0188,0.0617 ± 0.0157,195.0000 ± 0.0000,284.2000 ± 79.0740,0.0134 ± 0.0000,0.0195 ± 0.0054
asl,microsoft/deberta-v3-base,test,provided,Conformity: rules,0.4027561132172613,0.025254557028143818,5,0.35729673745272306,0.04213421488307041,5,911.0,0.0,5,1085.6,251.79912628919107,5,0.06253002951472304,0.0,5,0.07451437984762166,0.01728321273177233,5,0.4028 ± 0.0253,0.3573 ± 0.0421,911.0000 ± 0.0000,1085.6000 ± 251.7991,0.0625 ± 0.0000,0.0745 ± 0.0173
asl,microsoft/deberta-v3-base,test,provided,Face,0.21474458261066126,0.05338381791566393,5,0.14101199196180372,0.04626257061726179,5,267.0,0.0,5,250.0,68.23855215345648,5,0.018326583842405108,0.0,5,0.017159722698881184,0.004683818529305819,5,0.2147 ± 0.0534,0.1410 ± 0.0463,267.0000 ± 0.0000,250.0000 ± 68.2386,0.0183 ± 0.0000,0.0172 ± 0.0047
asl,microsoft/deberta-v3-base,test,provided,Hedonism,0.24164560982495767,0.06161497149560587,5,0.16600281280006393,0.054319212762872736,5,125.0,0.0,5,94.4,37.078295537955896,5,0.008579861349440594,0.0,5,0.006479511291097535,0.002545013078313947,5,0.2416 ± 0.0616,0.1660 ± 0.0543,125.0000 ± 0.0000,94.4000 ± 37.0783,0.0086 ± 0.0000,0.0065 ± 0.0025
asl,microsoft/deberta-v3-base,test,provided,Humility,0.05100267019642448,0.01021263472323231,5,0.02745197161652862,0.009652692818674419,5,30.0,0.0,5,165.0,110.35397591387454,5,0.0020591667238657424,0.0,5,0.011325416981261582,0.007574574501604401,5,0.0510 ± 0.0102,0.0275 ± 0.0097,30.0000 ± 0.0000,165.0000 ± 110.3540,0.0021 ± 0.0000,0.0113 ± 0.0076
asl,microsoft/deberta-v3-base,test,provided,Power: dominance,0.32032110606893927,0.022246992853108924,5,0.23678763964177985,0.03343659417127809,5,631.0,0.0,5,808.8,315.21928874991136,5,0.04331114009197611,0.0,5,0.05551513487542041,0.02163630233714815,5,0.3203 ± 0.0222,0.2368 ± 0.0334,631.0000 ± 0.0000,808.8000 ± 315.2193,0.0433 ± 0.0000,0.0555 ± 0.0216
asl,microsoft/deberta-v3-base,test,provided,Power: resources,0.35732209623514644,0.02785270955037142,5,0.28888387243558744,0.03693165124436329,5,805.0,0.0,5,1216.0,271.9191056178289,5,0.05525430709039743,0.0,5,0.08346489120735809,0.018664225795718917,5,0.3573 ± 0.0279,0.2889 ± 0.0369,805.0000 ± 0.0000,1216.0000 ± 271.9191,0.0553 ± 0.0000,0.0835 ± 0.0187
asl,microsoft/deberta-v3-base,test,provided,Security: personal,0.32009703991216615,0.025636907955682346,5,0.23738259864986228,0.03505636061724831,5,352.0,0.0,5,331.6,48.00833261007926,5,0.02416088956002471,0.0,5,0.022760656187796005,0.0032952386992984597,5,0.3201 ± 0.0256,0.2374 ± 0.0351,352.0000 ± 0.0000,331.6000 ± 48.0083,0.0242 ± 0.0000,0.0228 ± 0.0033
asl,microsoft/deberta-v3-base,test,provided,Security: societal,0.4128138294154013,0.009139757200869646,5,0.3712005074245057,0.013055283020053614,5,1151.0,0.0,5,1469.4,265.72786831644135,5,0.07900336330564899,0.0,5,0.10085798613494405,0.018239266134699797,5,0.4128 ± 0.0091,0.3712 ± 0.0131,1151.0000 ± 0.0000,1469.4000 ± 265.7279,0.0790 ± 0.0000,0.1009 ± 0.0182
asl,microsoft/deberta-v3-base,test,provided,Self-direction: action,0.17437705653409422,0.01700336427173823,5,0.12301861948508823,0.020280696205403733,5,512.0,0.0,5,466.8,84.61501048868338,5,0.03514311208730867,0.0,5,0.03204063422335095,0.005807880464594919,5,0.1744 ± 0.0170,0.1230 ± 0.0203,512.0000 ± 0.0000,466.8000 ± 84.6150,0.0351 ± 0.0000,0.0320 ± 0.0058
asl,microsoft/deberta-v3-base,test,provided,Self-direction: thought,0.08121216457100454,0.03377605616473081,5,0.050688220739374935,0.01541520491320105,5,171.0,0.0,5,229.2,169.77838496110158,5,0.011737250326034732,0.0,5,0.01573203377033427,0.011653400024785614,5,0.0812 ± 0.0338,0.0507 ± 0.0154,171.0000 ± 0.0000,229.2000 ± 169.7784,0.0117 ± 0.0000,0.0157 ± 0.0117
asl,microsoft/deberta-v3-base,test,provided,Stimulation,0.2625752370649679,0.014235207427834897,5,0.18707512728716952,0.017976534646071372,5,371.0,0.0,5,381.2,37.292090314167154,5,0.02546502848513968,0.0,5,0.026165145171254033,0.0025596877146109665,5,0.2626 ± 0.0142,0.1871 ± 0.0180,371.0000 ± 0.0000,381.2000 ± 37.2921,0.0255 ± 0.0000,0.0262 ± 0.0026
asl,microsoft/deberta-v3-base,test,provided,Tradition,0.45067146236074934,0.023566267790152834,5,0.409635252694511,0.026722615082224406,5,196.0,0.0,5,228.4,61.439401038747114,5,0.01345322259592285,0.0,5,0.01567712265769785,0.004217132338441013,5,0.4507 ± 0.0236,0.4096 ± 0.0267,196.0000 ± 0.0000,228.4000 ± 61.4394,0.0135 ± 0.0000,0.0157 ± 0.0042
asl,microsoft/deberta-v3-base,test,provided,Universalism: concern,0.38735294413217264,0.03557787624120559,5,0.33825460600748425,0.037523474515083456,5,735.0,0.0,5,801.8,244.6767254971343,5,0.05044958473471069,0.0,5,0.05503466263985174,0.01679433904160438,5,0.3874 ± 0.0356,0.3383 ± 0.0375,735.0000 ± 0.0000,801.8000 ± 244.6767,0.0504 ± 0.0000,0.0550 ± 0.0168
asl,microsoft/deberta-v3-base,test,provided,Universalism: nature,0.5513225489495002,0.01917147454485528,5,0.4922479934282464,0.0291851032063363,5,293.0,0.0,5,390.4,40.3645884408599,5,0.02011119500308875,0.0,5,0.02679662296657286,0.002770580577998481,5,0.5513 ± 0.0192,0.4922 ± 0.0292,293.0000 ± 0.0000,390.4000 ± 40.3646,0.0201 ± 0.0000,0.0268 ± 0.0028
asl,microsoft/deberta-v3-base,test,provided,Universalism: tolerance,0.21513410398222793,0.026848981678040607,5,0.13716069587431137,0.011886626727754465,5,171.0,0.0,5,181.0,45.63441683641854,5,0.011737250326034732,0.0,5,0.012423639233989979,0.003132295753752389,5,0.2151 ± 0.0268,0.1372 ± 0.0119,171.0000 ± 0.0000,181.0000 ± 45.6344,0.0117 ± 0.0000,0.0124 ± 0.0031
bce,microsoft/deberta-v3-base,test,provided,Achievement,0.3544390959866576,0.009058823856427825,5,0.309463085287603,0.011590763212624281,5,911.0,0.0,5,1311.6,197.3811034521795,5,0.06253002951472304,0.0,5,0.09002676916741026,0.01354802000495433,5,0.3544 ± 0.0091,0.3095 ± 0.0116,911.0000 ± 0.0000,1311.6000 ± 197.3811,0.0625 ± 0.0000,0.0900 ± 0.0135
bce,microsoft/deberta-v3-base,test,provided,Benevolence: caring,0.23583554771974988,0.005645033776031605,5,0.15585364340278227,0.012555151086129993,5,324.0,0.0,5,509.0,40.92065493122026,5,0.022239000617750016,0.0,5,0.034937195414922094,0.0028087483651053767,5,0.2358 ± 0.0056,0.1559 ± 0.0126,324.0000 ± 0.0000,509.0000 ± 40.9207,0.0222 ± 0.0000,0.0349 ± 0.0028
bce,microsoft/deberta-v3-base,test,provided,Benevolence: dependability,0.28325794498260415,0.015277544084798271,5,0.21273796487229152,0.010160725809118318,5,288.0,0.0,5,345.0,75.55461600723017,5,0.019768000549111125,0.0,5,0.023680417324456037,0.005185985037218078,5,0.2833 ± 0.0153,0.2127 ± 0.0102,288.0000 ± 0.0000,345.0000 ± 75.5546,0.0198 ± 0.0000,0.0237 ± 0.0052
bce,microsoft/deberta-v3-base,test,provided,Conformity: interpersonal,0.10836436105473438,0.011685168513310779,5,0.06356040894646252,0.005220701551289525,5,195.0,0.0,5,278.4,93.60982854380195,5,0.013384583705127327,0.0,5,0.01910906719747409,0.006425274798805817,5,0.1084 ± 0.0117,0.0636 ± 0.0052,195.0000 ± 0.0000,278.4000 ± 93.6098,0.0134 ± 0.0000,0.0191 ± 0.0064
bce,microsoft/deberta-v3-base,test,provided,Conformity: rules,0.42612055072596544,0.009173226351229349,5,0.3880974694386161,0.014363647067103734,5,911.0,0.0,5,1234.4,83.59007118073296,5,0.06253002951472304,0.0,5,0.08472784679799575,0.005737529767364461,5,0.4261 ± 0.0092,0.3881 ± 0.0144,911.0000 ± 0.0000,1234.4000 ± 83.5901,0.0625 ± 0.0000,0.0847 ± 0.0057
bce,microsoft/deberta-v3-base,test,provided,Face,0.22862981998784404,0.018742879328166127,5,0.14408481659991984,0.017057729536831198,5,267.0,0.0,5,288.4,108.68210524276753,5,0.018326583842405108,0.0,5,0.01979545610542934,0.007459819153186048,5,0.2286 ± 0.0187,0.1441 ± 0.0171,267.0000 ± 0.0000,288.4000 ± 108.6821,0.0183 ± 0.0000,0.0198 ± 0.0075
bce,microsoft/deberta-v3-base,test,provided,Hedonism,0.26988685602676377,0.025782872478238194,5,0.18856743049075014,0.023538283235124115,5,125.0,0.0,5,126.8,27.10535002541011,5,0.008579861349440594,0.0,5,0.008703411352872538,0.0018604811603685984,5,0.2699 ± 0.0258,0.1886 ± 0.0235,125.0000 ± 0.0000,126.8000 ± 27.1054,0.0086 ± 0.0000,0.0087 ± 0.0019
bce,microsoft/deberta-v3-base,test,provided,Humility,0.04272075059684345,0.013702338856829048,5,0.017833294310575072,0.004881166607272463,5,30.0,0.0,5,166.8,157.4633290642618,5,0.0020591667238657424,0.0,5,0.011448966984693528,0.010808108247941645,5,0.0427 ± 0.0137,0.0178 ± 0.0049,30.0000 ± 0.0000,166.8000 ± 157.4633,0.0021 ± 0.0000,0.0114 ± 0.0108
bce,microsoft/deberta-v3-base,test,provided,Power: dominance,0.35015987347337063,0.01935407101561682,5,0.2673165946365123,0.01159371321008793,5,631.0,0.0,5,868.8,40.38811706430494,5,0.04331114009197611,0.0,5,0.059633468323151896,0.0027721955566136964,5,0.3502 ± 0.0194,0.2673 ± 0.0116,631.0000 ± 0.0000,868.8000 ± 40.3881,0.0433 ± 0.0000,0.0596 ± 0.0028
bce,microsoft/deberta-v3-base,test,provided,Power: resources,0.3875566752569357,0.009257369513731944,5,0.3296369879521953,0.0180717994459566,5,805.0,0.0,5,1271.2,210.99217994987396,5,0.05525430709039743,0.0,5,0.08725375797927107,0.014482269198289103,5,0.3876 ± 0.0093,0.3296 ± 0.0181,805.0000 ± 0.0000,1271.2000 ± 210.9922,0.0553 ± 0.0000,0.0873 ± 0.0145
bce,microsoft/deberta-v3-base,test,provided,Security: personal,0.32790625597053585,0.021629255971288248,5,0.2564390060316457,0.02600401941737763,5,352.0,0.0,5,373.6,93.91645223282234,5,0.02416088956002471,0.0,5,0.025643489601208047,0.006446321108711808,5,0.3279 ± 0.0216,0.2564 ± 0.0260,352.0000 ± 0.0000,373.6000 ± 93.9165,0.0242 ± 0.0000,0.0256 ± 0.0064
bce,microsoft/deberta-v3-base,test,provided,Security: societal,0.42362239891794673,0.00504197750397731,5,0.3809596816952604,0.009235363582620117,5,1151.0,0.0,5,1668.2,186.57357797930553,5,0.07900336330564899,0.0,5,0.11450339762509439,0.012806203444251868,5,0.4236 ± 0.0050,0.3810 ± 0.0092,1151.0000 ± 0.0000,1668.2000 ± 186.5736,0.0790 ± 0.0000,0.1145 ± 0.0128
bce,microsoft/deberta-v3-base,test,provided,Self-direction: action,0.18743767330902086,0.01357336451018497,5,0.12376257788690545,0.0139114560249599,5,512.0,0.0,5,698.2,177.64205583138246,5,0.03514311208730867,0.0,5,0.047923673553435374,0.012193153670902769,5,0.1874 ± 0.0136,0.1238 ± 0.0139,512.0000 ± 0.0000,698.2000 ± 177.6421,0.0351 ± 0.0000,0.0479 ± 0.0122
bce,microsoft/deberta-v3-base,test,provided,Self-direction: thought,0.1005502001086365,0.012214141814166895,5,0.053724276598138054,0.006344773094240323,5,171.0,0.0,5,413.8,154.80051679500298,5,0.011737250326034732,0.0,5,0.028402773011188136,0.010625335767383002,5,0.1006 ± 0.0122,0.0537 ± 0.0063,171.0000 ± 0.0000,413.8000 ± 154.8005,0.0117 ± 0.0000,0.0284 ± 0.0106
bce,microsoft/deberta-v3-base,test,provided,Stimulation,0.23761899479627538,0.007593787077875062,5,0.18373826354849032,0.003096917776513844,5,371.0,0.0,5,449.2,136.79437122922857,5,0.02546502848513968,0.0,5,0.030832589745349713,0.009389413908245494,5,0.2376 ± 0.0076,0.1837 ± 0.0031,371.0000 ± 0.0000,449.2000 ± 136.7944,0.0255 ± 0.0000,0.0308 ± 0.0094
bce,microsoft/deberta-v3-base,test,provided,Tradition,0.44022235092609846,0.012370400942638757,5,0.38074920924066485,0.020034323009764193,5,196.0,0.0,5,215.4,50.26231192454243,5,0.01345322259592285,0.0,5,0.01478481707735603,0.003449949339319269,5,0.4402 ± 0.0124,0.3807 ± 0.0200,196.0000 ± 0.0000,215.4000 ± 50.2623,0.0135 ± 0.0000,0.0148 ± 0.0034
bce,microsoft/deberta-v3-base,test,provided,Universalism: concern,0.4155884143061484,0.008068890927996588,5,0.3606868440062369,0.01701430400647999,5,735.0,0.0,5,932.4,143.64644095834743,5,0.05044958473471069,0.0,5,0.06399890177774728,0.009859732374105801,5,0.4156 ± 0.0081,0.3607 ± 0.0170,735.0000 ± 0.0000,932.4000 ± 143.6464,0.0504 ± 0.0000,0.0640 ± 0.0099
bce,microsoft/deberta-v3-base,test,provided,Universalism: nature,0.5501365835625357,0.008631955973652296,5,0.5028978737803269,0.004725722311185252,5,293.0,0.0,5,399.4,38.298825047251775,5,0.02011119500308875,0.0,5,0.02741437298373258,0.002628788870015223,5,0.5501 ± 0.0086,0.5029 ± 0.0047,293.0000 ± 0.0000,399.4000 ± 38.2988,0.0201 ± 0.0000,0.0274 ± 0.0026
bce,microsoft/deberta-v3-base,test,provided,Universalism: tolerance,0.2039385571554031,0.046323526305009265,5,0.1513923220116103,0.01811412035092656,5,171.0,0.0,5,167.2,71.64286426434946,5,0.011737250326034732,0.0,5,0.011476422541011739,0.004917486736519284,5,0.2039 ± 0.0463,0.1514 ± 0.0181,171.0000 ± 0.0000,167.2000 ± 71.6429,0.0117 ± 0.0000,0.0115 ± 0.0049
empirical_structure,microsoft/deberta-v3-base,test,provided,Achievement,0.3514588567238791,0.006342926155858327,5,0.3067128707090846,0.012532677583171453,5,911.0,0.0,5,1163.2,252.80565658228457,5,0.06253002951472304,0.0,5,0.07984075777335438,0.01735229985464236,5,0.3515 ± 0.0063,0.3067 ± 0.0125,911.0000 ± 0.0000,1163.2000 ± 252.8057,0.0625 ± 0.0000,0.0798 ± 0.0174
empirical_structure,microsoft/deberta-v3-base,test,provided,Benevolence: caring,0.2312863614074446,0.008742495001548096,5,0.15835994495655092,0.013179452848053925,5,324.0,0.0,5,619.2,140.87121778418754,5,0.022239000617750016,0.0,5,0.04250120118058892,0.009669244133721435,5,0.2313 ± 0.0087,0.1584 ± 0.0132,324.0000 ± 0.0000,619.2000 ± 140.8712,0.0222 ± 0.0000,0.0425 ± 0.0097
empirical_structure,microsoft/deberta-v3-base,test,provided,Benevolence: dependability,0.2645683366470953,0.01536654380172638,5,0.20835150006063316,0.00538107375432815,5,288.0,0.0,5,263.2,91.82701127663908,5,0.019768000549111125,0.0,5,0.018065756057382112,0.0063029041990966496,5,0.2646 ± 0.0154,0.2084 ± 0.0054,288.0000 ± 0.0000,263.2000 ± 91.8270,0.0198 ± 0.0000,0.0181 ± 0.0063
empirical_structure,microsoft/deberta-v3-base,test,provided,Conformity: interpersonal,0.10610287346580209,0.008991513010332627,5,0.0613111040721394,0.004900109906655061,5,195.0,0.0,5,302.0,105.47748574932946,5,0.013384583705127327,0.0,5,0.020728945020248475,0.0072398576257347415,5,0.1061 ± 0.0090,0.0613 ± 0.0049,195.0000 ± 0.0000,302.0000 ± 105.4775,0.0134 ± 0.0000,0.0207 ± 0.0072
empirical_structure,microsoft/deberta-v3-base,test,provided,Conformity: rules,0.42565960227252847,0.010227387806613218,5,0.38801215362519414,0.014717648112278704,5,911.0,0.0,5,1282.0,157.0350279396288,5,0.06253002951472304,0.0,5,0.08799505799986272,0.010778710133820358,5,0.4257 ± 0.0102,0.3880 ± 0.0147,911.0000 ± 0.0000,1282.0000 ± 157.0350,0.0625 ± 0.0000,0.0880 ± 0.0108
empirical_structure,microsoft/deberta-v3-base,test,provided,Face,0.244726230787275,0.006923885562855162,5,0.1498705126228193,0.011769244325611371,5,267.0,0.0,5,337.6,22.842942017174583,5,0.018326583842405108,0.0,5,0.023172489532569153,0.0015679142025653502,5,0.2447 ± 0.0069,0.1499 ± 0.0118,267.0000 ± 0.0000,337.6000 ± 22.8429,0.0183 ± 0.0000,0.0232 ± 0.0016
empirical_structure,microsoft/deberta-v3-base,test,provided,Hedonism,0.2648202250144941,0.024427197039780156,5,0.18237246897253326,0.01900550257265664,5,125.0,0.0,5,155.6,20.911719202399404,5,0.008579861349440594,0.0,5,0.01068021140778365,0.0014353572106801707,5,0.2648 ± 0.0244,0.1824 ± 0.0190,125.0000 ± 0.0000,155.6000 ± 20.9117,0.0086 ± 0.0000,0.0107 ± 0.0014
empirical_structure,microsoft/deberta-v3-base,test,provided,Humility,0.0390700514686745,0.007042628824485364,5,0.020117753078912972,0.00770477892819403,5,30.0,0.0,5,227.2,84.756710648774,5,0.0020591667238657424,0.0,5,0.015594755988743223,0.005817606606409087,5,0.0391 ± 0.0070,0.0201 ± 0.0077,30.0000 ± 0.0000,227.2000 ± 84.7567,0.0021 ± 0.0000,0.0156 ± 0.0058
empirical_structure,microsoft/deberta-v3-base,test,provided,Power: dominance,0.341852733637941,0.015241778900558988,5,0.2689930865115665,0.017053608997138238,5,631.0,0.0,5,898.8,137.75775840220396,5,0.04331114009197611,0.0,5,0.06169263504701763,0.009455539735205156,5,0.3419 ± 0.0152,0.2690 ± 0.0171,631.0000 ± 0.0000,898.8000 ± 137.7578,0.0433 ± 0.0000,0.0617 ± 0.0095
empirical_structure,microsoft/deberta-v3-base,test,provided,Power: resources,0.3891656803993179,0.005844805389388233,5,0.33348498384549996,0.00866053276153957,5,805.0,0.0,5,1364.0,259.91825638073215,5,0.05525430709039743,0.0,5,0.09362344704509576,0.017840500815480276,5,0.3892 ± 0.0058,0.3335 ± 0.0087,805.0000 ± 0.0000,1364.0000 ± 259.9183,0.0553 ± 0.0000,0.0936 ± 0.0178
empirical_structure,microsoft/deberta-v3-base,test,provided,Security: personal,0.3251228853042352,0.01481218229358571,5,0.24794652639707193,0.01829000234263758,5,352.0,0.0,5,454.2,69.17152593372508,5,0.02416088956002471,0.0,5,0.031175784199327337,0.004747856814724763,5,0.3251 ± 0.0148,0.2479 ± 0.0183,352.0000 ± 0.0000,454.2000 ± 69.1715,0.0242 ± 0.0000,0.0312 ± 0.0047
empirical_structure,microsoft/deberta-v3-base,test,provided,Security: societal,0.4224702891893758,0.006580180845749451,5,0.3812266297577369,0.010931503473845526,5,1151.0,0.0,5,1599.0,224.2899908600471,5,0.07900336330564899,0.0,5,0.10975358638204406,0.015395016189172012,5,0.4225 ± 0.0066,0.3812 ± 0.0109,1151.0000 ± 0.0000,1599.0000 ± 224.2900,0.0790 ± 0.0000,0.1098 ± 0.0154
empirical_structure,microsoft/deberta-v3-base,test,provided,Self-direction: action,0.1887110638218576,0.010674462321530192,5,0.12195939709726719,0.010498055871058336,5,512.0,0.0,5,676.8,173.34560853970314,5,0.03514311208730867,0.0,5,0.046454801290411143,0.011898250294440466,5,0.1887 ± 0.0107,0.1220 ± 0.0105,512.0000 ± 0.0000,676.8000 ± 173.3456,0.0351 ± 0.0000,0.0465 ± 0.0119
empirical_structure,microsoft/deberta-v3-base,test,provided,Self-direction: thought,0.11655885917283071,0.00909376765987636,5,0.0599658556143481,0.006083616299118875,5,171.0,0.0,5,418.6,184.5285885709854,5,0.011737250326034732,0.0,5,0.028732239687006656,0.012665837639576183,5,0.1166 ± 0.0091,0.0600 ± 0.0061,171.0000 ± 0.0000,418.6000 ± 184.5286,0.0117 ± 0.0000,0.0287 ± 0.0127
empirical_structure,microsoft/deberta-v3-base,test,provided,Stimulation,0.25376017959412916,0.00337545073741867,5,0.18090866088609622,0.009586170846803795,5,371.0,0.0,5,431.0,130.96373543847932,5,0.02546502848513968,0.0,5,0.029583361932871165,0.008989205534935776,5,0.2538 ± 0.0034,0.1809 ± 0.0096,371.0000 ± 0.0000,431.0000 ± 130.9637,0.0255 ± 0.0000,0.0296 ± 0.0090
empirical_structure,microsoft/deberta-v3-base,test,provided,Tradition,0.4372201729294658,0.024182534368107605,5,0.3954376311713566,0.029443783249790998,5,196.0,0.0,5,229.2,44.18936523644575,5,0.01345322259592285,0.0,5,0.01573203377033427,0.003033109014787956,5,0.4372 ± 0.0242,0.3954 ± 0.0294,196.0000 ± 0.0000,229.2000 ± 44.1894,0.0135 ± 0.0000,0.0157 ± 0.0030
empirical_structure,microsoft/deberta-v3-base,test,provided,Universalism: concern,0.41327806975547154,0.01441697226365532,5,0.3621882381281315,0.014149373596956505,5,735.0,0.0,5,893.0,109.41891975339549,5,0.05044958473471069,0.0,5,0.06129452948040359,0.007510393283917596,5,0.4133 ± 0.0144,0.3622 ± 0.0141,735.0000 ± 0.0000,893.0000 ± 109.4189,0.0504 ± 0.0000,0.0613 ± 0.0075
empirical_structure,microsoft/deberta-v3-base,test,provided,Universalism: nature,0.5606630633945311,0.011196549974014649,5,0.5062442894264721,0.010941385531721332,5,293.0,0.0,5,377.8,33.20692698820534,5,0.02011119500308875,0.0,5,0.025931772942549246,0.00227928663519839,5,0.5607 ± 0.0112,0.5062 ± 0.0109,293.0000 ± 0.0000,377.8000 ± 33.2069,0.0201 ± 0.0000,0.0259 ± 0.0023
empirical_structure,microsoft/deberta-v3-base,test,provided,Universalism: tolerance,0.21940356496228747,0.024982949967624145,5,0.1424208421776371,0.012627573095336742,5,171.0,0.0,5,222.4,60.50454528380492,5,0.011737250326034732,0.0,5,0.015265289312924705,0.004152964876367968,5,0.2194 ± 0.0250,0.1424 ± 0.0126,171.0000 ± 0.0000,222.4000 ± 60.5045,0.0117 ± 0.0000,0.0153 ± 0.0042
random_geoloss,microsoft/deberta-v3-base,test,provided,Achievement,0.35153215883026423,0.01022391707062572,5,0.30352571792066735,0.014271432983933501,5,911.0,0.0,5,1074.6,92.16181421825421,5,0.06253002951472304,0.0,5,0.07375935204887088,0.006325884701644193,5,0.3515 ± 0.0102,0.3035 ± 0.0143,911.0000 ± 0.0000,1074.6000 ± 92.1618,0.0625 ± 0.0000,0.0738 ± 0.0063
random_geoloss,microsoft/deberta-v3-base,test,provided,Benevolence: caring,0.22908612992888747,0.01239352783739795,5,0.15945941086861073,0.011131502816540087,5,324.0,0.0,5,554.2,177.63642644457806,5,0.022239000617750016,0.0,5,0.03803967327887982,0.012192767276036659,5,0.2291 ± 0.0124,0.1595 ± 0.0111,324.0000 ± 0.0000,554.2000 ± 177.6364,0.0222 ± 0.0000,0.0380 ± 0.0122
random_geoloss,microsoft/deberta-v3-base,test,provided,Benevolence: dependability,0.2771418766158177,0.013809495834104046,5,0.20140799015616495,0.009800148864309518,5,288.0,0.0,5,389.6,56.22543908232288,5,0.019768000549111125,0.0,5,0.02674171185393644,0.003859251773101988,5,0.2771 ± 0.0138,0.2014 ± 0.0098,288.0000 ± 0.0000,389.6000 ± 56.2254,0.0198 ± 0.0000,0.0267 ± 0.0039
random_geoloss,microsoft/deberta-v3-base,test,provided,Conformity: interpersonal,0.09006824691670032,0.008671536653772047,5,0.06049932205789157,0.008747381747000916,5,195.0,0.0,5,266.6,63.03808372722001,5,0.013384583705127327,0.0,5,0.018299128286086895,0.0043268641449118,5,0.0901 ± 0.0087,0.0605 ± 0.0087,195.0000 ± 0.0000,266.6000 ± 63.0381,0.0134 ± 0.0000,0.0183 ± 0.0043
random_geoloss,microsoft/deberta-v3-base,test,provided,Conformity: rules,0.4284488628272987,0.006364280767547597,5,0.38538952760172007,0.009045788055097356,5,911.0,0.0,5,1252.8,131.85105232799623,5,0.06253002951472304,0.0,5,0.0859908023886334,0.00905010998201635,5,0.4284 ± 0.0064,0.3854 ± 0.0090,911.0000 ± 0.0000,1252.8000 ± 131.8511,0.0625 ± 0.0000,0.0860 ± 0.0091
random_geoloss,microsoft/deberta-v3-base,test,provided,Face,0.23592238885604727,0.019813379666914772,5,0.14814943846116294,0.013555733318565372,5,267.0,0.0,5,272.4,65.22499520889211,5,0.018326583842405108,0.0,5,0.018697233852700938,0.00447697132328177,5,0.2359 ± 0.0198,0.1481 ± 0.0136,267.0000 ± 0.0000,272.4000 ± 65.2250,0.0183 ± 0.0000,0.0187 ± 0.0045
random_geoloss,microsoft/deberta-v3-base,test,provided,Hedonism,0.27815792246216436,0.039058108686278355,5,0.18949989463934866,0.01484386455555285,5,125.0,0.0,5,139.8,47.33075110327323,5,0.008579861349440594,0.0,5,0.00959571693321436,0.0032487302562477336,5,0.2782 ± 0.0391,0.1895 ± 0.0148,125.0000 ± 0.0000,139.8000 ± 47.3308,0.0086 ± 0.0000,0.0096 ± 0.0032
random_geoloss,microsoft/deberta-v3-base,test,provided,Humility,0.049942392035339664,0.018677710264571684,5,0.01794547638970001,0.0056858136831916435,5,30.0,0.0,5,136.4,64.9715322275841,5,0.0020591667238657424,0.0,5,0.009362344704509576,0.004459573905387063,5,0.0499 ± 0.0187,0.0179 ± 0.0057,30.0000 ± 0.0000,136.4000 ± 64.9715,0.0021 ± 0.0000,0.0094 ± 0.0045
random_geoloss,microsoft/deberta-v3-base,test,provided,Power: dominance,0.34630670014558323,0.018562060090296966,5,0.2658517306719493,0.009412176767261025,5,631.0,0.0,5,948.2,145.75733257712972,5,0.04331114009197611,0.0,5,0.06508339625231656,0.010004621633408586,5,0.3463 ± 0.0186,0.2659 ± 0.0094,631.0000 ± 0.0000,948.2000 ± 145.7573,0.0433 ± 0.0000,0.0651 ± 0.0100
random_geoloss,microsoft/deberta-v3-base,test,provided,Power: resources,0.38733106656870786,0.007839450215589188,5,0.33154805736006143,0.009424471634363683,5,805.0,0.0,5,1350.0,122.8087944733601,5,0.05525430709039743,0.0,5,0.0926625025739584,0.00842945943258701,5,0.3873 ± 0.0078,0.3315 ± 0.0094,805.0000 ± 0.0000,1350.0000 ± 122.8088,0.0553 ± 0.0000,0.0927 ± 0.0084
random_geoloss,microsoft/deberta-v3-base,test,provided,Security: personal,0.33224460109128046,0.014280905755490068,5,0.25494064733548266,0.012435504624322764,5,352.0,0.0,5,433.4,125.12713534641476,5,0.02416088956002471,0.0,5,0.02974809527078042,0.008588587778599407,5,0.3322 ± 0.0143,0.2549 ± 0.0124,352.0000 ± 0.0000,433.4000 ± 125.1271,0.0242 ± 0.0000,0.0297 ± 0.0086
random_geoloss,microsoft/deberta-v3-base,test,provided,Security: societal,0.42836726711884276,0.007678567136176383,5,0.3836267164351125,0.005987832600555548,5,1151.0,0.0,5,1569.8,174.34649408577164,5,0.07900336330564899,0.0,5,0.10774933077081475,0.011966949968135885,5,0.4284 ± 0.0077,0.3836 ± 0.0060,1151.0000 ± 0.0000,1569.8000 ± 174.3465,0.0790 ± 0.0000,0.1077 ± 0.0120
random_geoloss,microsoft/deberta-v3-base,test,provided,Self-direction: action,0.19432325970098674,0.007266246259358184,5,0.12714817651588034,0.009869296338153189,5,512.0,0.0,5,716.6,189.42095976950384,5,0.03514311208730867,0.0,5,0.04918662914407303,0.013001644572002462,5,0.1943 ± 0.0073,0.1271 ± 0.0099,512.0000 ± 0.0000,716.6000 ± 189.4210,0.0351 ± 0.0000,0.0492 ± 0.0130
random_geoloss,microsoft/deberta-v3-base,test,provided,Self-direction: thought,0.10276144135000695,0.010634182995006448,5,0.05783158301831624,0.007114021846366663,5,171.0,0.0,5,316.4,121.03842365133478,5,0.011737250326034732,0.0,5,0.021717345047704027,0.008307943143066427,5,0.1028 ± 0.0106,0.0578 ± 0.0071,171.0000 ± 0.0000,316.4000 ± 121.0384,0.0117 ± 0.0000,0.0217 ± 0.0083
random_geoloss,microsoft/deberta-v3-base,test,provided,Stimulation,0.2558529988655039,0.016243041590368712,5,0.18634356866080048,0.007293735531532215,5,371.0,0.0,5,420.0,90.44058823338113,5,0.02546502848513968,0.0,5,0.028828334134120392,0.006207741659234069,5,0.2559 ± 0.0162,0.1863 ± 0.0073,371.0000 ± 0.0000,420.0000 ± 90.4406,0.0255 ± 0.0000,0.0288 ± 0.0062
random_geoloss,microsoft/deberta-v3-base,test,provided,Tradition,0.44312781729257694,0.022526488662749606,5,0.4000203854313913,0.00523528868071108,5,196.0,0.0,5,239.2,42.984881062997026,5,0.01345322259592285,0.0,5,0.016418422678289517,0.0029504345571416727,5,0.4431 ± 0.0225,0.4000 ± 0.0052,196.0000 ± 0.0000,239.2000 ± 42.9849,0.0135 ± 0.0000,0.0164 ± 0.0030
random_geoloss,microsoft/deberta-v3-base,test,provided,Universalism: concern,0.40780938296954083,0.02341756515112586,5,0.35674501475945897,0.023224268997263313,5,735.0,0.0,5,851.0,189.22605528837724,5,0.05044958473471069,0.0,5,0.05841169606699156,0.012988266544606854,5,0.4078 ± 0.0234,0.3567 ± 0.0232,735.0000 ± 0.0000,851.0000 ± 189.2261,0.0504 ± 0.0000,0.0584 ± 0.0130
random_geoloss,microsoft/deberta-v3-base,test,provided,Universalism: nature,0.5600726633884499,0.006956799728273089,5,0.5040990315680858,0.01739802212642926,5,293.0,0.0,5,399.4,35.50774563387544,5,0.02011119500308875,0.0,5,0.02741437298373258,0.0024372122749588454,5,0.5601 ± 0.0070,0.5041 ± 0.0174,293.0000 ± 0.0000,399.4000 ± 35.5077,0.0201 ± 0.0000,0.0274 ± 0.0024
random_geoloss,microsoft/deberta-v3-base,test,provided,Universalism: tolerance,0.2043375623245352,0.018582749397927253,5,0.13646536990769884,0.014798680583541364,5,171.0,0.0,5,220.6,82.1389067373069,5,0.011737250326034732,0.0,5,0.015141739309492757,0.005637923449605799,5,0.2043 ± 0.0186,0.1365 ± 0.0148,171.0000 ± 0.0000,220.6000 ± 82.1389,0.0117 ± 0.0000,0.0151 ± 0.0056
schwartz_geoloss,microsoft/deberta-v3-base,test,provided,Achievement,0.35487745483206734,0.005792185740119283,5,0.3093983579179471,0.011284600511223186,5,911.0,0.0,5,1142.2,177.3067962600419,5,0.06253002951472304,0.0,5,0.07839934106664836,0.012170141825797365,5,0.3549 ± 0.0058,0.3094 ± 0.0113,911.0000 ± 0.0000,1142.2000 ± 177.3068,0.0625 ± 0.0000,0.0784 ± 0.0122
schwartz_geoloss,microsoft/deberta-v3-base,test,provided,Benevolence: caring,0.2402430692724172,0.019305096309851683,5,0.16253763623038348,0.009601296195630932,5,324.0,0.0,5,473.0,103.17945531936094,5,0.022239000617750016,0.0,5,0.03246619534628321,0.007082123366007343,5,0.2402 ± 0.0193,0.1625 ± 0.0096,324.0000 ± 0.0000,473.0000 ± 103.1795,0.0222 ± 0.0000,0.0325 ± 0.0071
schwartz_geoloss,microsoft/deberta-v3-base,test,provided,Benevolence: dependability,0.28516935841763347,0.00577642888751296,5,0.20456625962269412,0.007855757420280801,5,288.0,0.0,5,360.4,26.44428104524681,5,0.019768000549111125,0.0,5,0.024737456242707116,0.0018151061188308615,5,0.2852 ± 0.0058,0.2046 ± 0.0079,288.0000 ± 0.0000,360.4000 ± 26.4443,0.0198 ± 0.0000,0.0247 ± 0.0018
schwartz_geoloss,microsoft/deberta-v3-base,test,provided,Conformity: interpersonal,0.10323134218690204,0.019587296486863075,5,0.06272678149304838,0.005453902245732542,5,195.0,0.0,5,300.2,111.41454124125809,5,0.013384583705127327,0.0,5,0.020605395016816526,0.007647370529292202,5,0.1032 ± 0.0196,0.0627 ± 0.0055,195.0000 ± 0.0000,300.2000 ± 111.4145,0.0134 ± 0.0000,0.0206 ± 0.0076
schwartz_geoloss,microsoft/deberta-v3-base,test,provided,Conformity: rules,0.4310028540669367,0.007018218141449908,5,0.39001609093976963,0.006577173352234074,5,911.0,0.0,5,1269.0,151.47442028276592,5,0.06253002951472304,0.0,5,0.0871027524195209,0.010397036192104185,5,0.4310 ± 0.0070,0.3900 ± 0.0066,911.0000 ± 0.0000,1269.0000 ± 151.4744,0.0625 ± 0.0000,0.0871 ± 0.0104
schwartz_geoloss,microsoft/deberta-v3-base,test,provided,Face,0.2333934734359236,0.006985009477922351,5,0.14902247141358535,0.013651233595727057,5,267.0,0.0,5,268.6,136.66857722241787,5,0.018326583842405108,0.0,5,0.018436406067677946,0.009380779547149283,5,0.2334 ± 0.0070,0.1490 ± 0.0137,267.0000 ± 0.0000,268.6000 ± 136.6686,0.0183 ± 0.0000,0.0184 ± 0.0094
schwartz_geoloss,microsoft/deberta-v3-base,test,provided,Hedonism,0.2684091940528054,0.027636736123765323,5,0.18381324855686443,0.01931060146114039,5,125.0,0.0,5,126.6,35.90682386399555,5,0.008579861349440594,0.0,5,0.008689683574713433,0.0024646045620149316,5,0.2684 ± 0.0276,0.1838 ± 0.0193,125.0000 ± 0.0000,126.6000 ± 35.9068,0.0086 ± 0.0000,0.0087 ± 0.0025
schwartz_geoloss,microsoft/deberta-v3-base,test,provided,Humility,0.03367982700756352,0.025212478887623232,5,0.015267964369462789,0.004464830775444079,5,30.0,0.0,5,247.2,230.55845245837332,5,0.0020591667238657424,0.0,5,0.01696753380465372,0.01582527644027547,5,0.0337 ± 0.0252,0.0153 ± 0.0045,30.0000 ± 0.0000,247.2000 ± 230.5585,0.0021 ± 0.0000,0.0170 ± 0.0158
schwartz_geoloss,microsoft/deberta-v3-base,test,provided,Power: dominance,0.3489621927139142,0.0117338785847876,5,0.2718760664670745,0.013328536518285135,5,631.0,0.0,5,857.2,184.56489373659338,5,0.04331114009197611,0.0,5,0.05883725718992381,0.012668329585873663,5,0.3490 ± 0.0117,0.2719 ± 0.0133,631.0000 ± 0.0000,857.2000 ± 184.5649,0.0433 ± 0.0000,0.0588 ± 0.0127
schwartz_geoloss,microsoft/deberta-v3-base,test,provided,Power: resources,0.3909300107078044,0.004657949620151269,5,0.33234775252211485,0.009389490734349545,5,805.0,0.0,5,1304.6,154.50177992502222,5,0.05525430709039743,0.0,5,0.08954629693184159,0.010604830799987792,5,0.3909 ± 0.0047,0.3323 ± 0.0094,805.0000 ± 0.0000,1304.6000 ± 154.5018,0.0553 ± 0.0000,0.0895 ± 0.0106
schwartz_geoloss,microsoft/deberta-v3-base,test,provided,Security: personal,0.33499807316639696,0.02250400638674836,5,0.26072486153970276,0.02056339620945881,5,352.0,0.0,5,484.4,100.69657392384309,5,0.02416088956002471,0.0,5,0.03324867870135219,0.006911701141042151,5,0.3350 ± 0.0225,0.2607 ± 0.0206,352.0000 ± 0.0000,484.4000 ± 100.6966,0.0242 ± 0.0000,0.0332 ± 0.0069
schwartz_geoloss,microsoft/deberta-v3-base,test,provided,Security: societal,0.42537134312704855,0.01139872967178929,5,0.3834452391888234,0.010675893954148861,5,1151.0,0.0,5,1547.0,259.8990188515532,5,0.07900336330564899,0.0,5,0.10618436406067677,0.01783918037281579,5,0.4254 ± 0.0114,0.3834 ± 0.0107,1151.0000 ± 0.0000,1547.0000 ± 259.8990,0.0790 ± 0.0000,0.1062 ± 0.0178
schwartz_geoloss,microsoft/deberta-v3-base,test,provided,Self-direction: action,0.186777640443361,0.00619928561347137,5,0.12436913745042646,0.009937170471084025,5,512.0,0.0,5,847.2,259.6347434377764,5,0.03514311208730867,0.0,5,0.05815086828196856,0.01782104080154962,5,0.1868 ± 0.0062,0.1244 ± 0.0099,512.0000 ± 0.0000,847.2000 ± 259.6347,0.0351 ± 0.0000,0.0582 ± 0.0178
schwartz_geoloss,microsoft/deberta-v3-base,test,provided,Self-direction: thought,0.10385439905033851,0.016192032415072985,5,0.05667171391507053,0.009334469477596825,5,171.0,0.0,5,356.2,164.95666097493609,5,0.011737250326034732,0.0,5,0.024449172901365914,0.011322442238653037,5,0.1039 ± 0.0162,0.0567 ± 0.0093,171.0000 ± 0.0000,356.2000 ± 164.9567,0.0117 ± 0.0000,0.0244 ± 0.0113
schwartz_geoloss,microsoft/deberta-v3-base,test,provided,Stimulation,0.2572442330782001,0.01613233777442652,5,0.18703951003063474,0.006384156141013134,5,371.0,0.0,5,409.2,84.41089977011262,5,0.02546502848513968,0.0,5,0.028087034113528725,0.005793870531272745,5,0.2572 ± 0.0161,0.1870 ± 0.0064,371.0000 ± 0.0000,409.2000 ± 84.4109,0.0255 ± 0.0000,0.0281 ± 0.0058
schwartz_geoloss,microsoft/deberta-v3-base,test,provided,Tradition,0.44562968867732156,0.005506429730470741,5,0.3869782525465716,0.010600358148465324,5,196.0,0.0,5,224.4,47.742015039166496,5,0.01345322259592285,0.0,5,0.015402567094515754,0.0032769589566316493,5,0.4456 ± 0.0055,0.3870 ± 0.0106,196.0000 ± 0.0000,224.4000 ± 47.7420,0.0135 ± 0.0000,0.0154 ± 0.0033
schwartz_geoloss,microsoft/deberta-v3-base,test,provided,Universalism: concern,0.4123864823824297,0.016258634834879486,5,0.3634569088656022,0.01451178708601784,5,735.0,0.0,5,862.0,133.54961624804469,5,0.05044958473471069,0.0,5,0.05916672386574233,0.009166697525433776,5,0.4124 ± 0.0163,0.3635 ± 0.0145,735.0000 ± 0.0000,862.0000 ± 133.5496,0.0504 ± 0.0000,0.0592 ± 0.0092
schwartz_geoloss,microsoft/deberta-v3-base,test,provided,Universalism: nature,0.5495536109708891,0.02011166587976951,5,0.4989632700421779,0.010050868146402929,5,293.0,0.0,5,392.8,38.23218539398448,5,0.02011119500308875,0.0,5,0.02696135630448212,0.002624214798131957,5,0.5496 ± 0.0201,0.4990 ± 0.0101,293.0000 ± 0.0000,392.8000 ± 38.2322,0.0201 ± 0.0000,0.0270 ± 0.0026
schwartz_geoloss,microsoft/deberta-v3-base,test,provided,Universalism: tolerance,0.21541208045873672,0.020025862481657913,5,0.13323548875355665,0.014381570037482949,5,171.0,0.0,5,229.0,22.999999999999996,5,0.011737250326034732,0.0,5,0.015718305992175167,0.001578694488297069,5,0.2154 ± 0.0200,0.1332 ± 0.0144,171.0000 ± 0.0000,229.0000 ± 23.0000,0.0117 ± 0.0000,0.0157 ± 0.0016
schwartz_geosmooth,microsoft/deberta-v3-base,test,provided,Achievement,0.2832007205383752,0.02214742412999732,5,0.22061126696988387,0.01699345629360971,5,911.0,0.0,5,1329.2,306.18409494942745,5,0.06253002951472304,0.0,5,0.0912348136454115,0.021016136656560335,5,0.2832 ± 0.0221,0.2206 ± 0.0170,911.0000 ± 0.0000,1329.2000 ± 306.1841,0.0625 ± 0.0000,0.0912 ± 0.0210
schwartz_geosmooth,microsoft/deberta-v3-base,test,provided,Benevolence: caring,0.13580479126006167,0.008821410604393702,5,0.06982137923728618,0.004493790088493813,5,324.0,0.0,5,1309.2,374.220790443289,5,0.022239000617750016,0.0,5,0.08986203582950099,0.025686099968651854,5,0.1358 ± 0.0088,0.0698 ± 0.0045,324.0000 ± 0.0000,1309.2000 ± 374.2208,0.0222 ± 0.0000,0.0899 ± 0.0257
schwartz_geosmooth,microsoft/deberta-v3-base,test,provided,Benevolence: dependability,0.14311070252849323,0.03702554987516206,5,0.08793314046458514,0.02577210271808929,5,288.0,0.0,5,1047.8,359.4936717106436,5,0.019768000549111125,0.0,5,0.07191982977555082,0.024675246874229086,5,0.1431 ± 0.0370,0.0879 ± 0.0258,288.0000 ± 0.0000,1047.8000 ± 359.4937,0.0198 ± 0.0000,0.0719 ± 0.0247
schwartz_geosmooth,microsoft/deberta-v3-base,test,provided,Conformity: interpersonal,0.04420532519847292,0.0020785814465825443,5,0.02187736533712618,0.0006895180441013381,5,195.0,0.0,5,2290.6,888.8387367796253,5,0.013384583705127327,0.0,5,0.15722424325622897,0.06100890498864887,5,0.0442 ± 0.0021,0.0219 ± 0.0007,195.0000 ± 0.0000,2290.6000 ± 888.8387,0.0134 ± 0.0000,0.1572 ± 0.0610
schwartz_geosmooth,microsoft/deberta-v3-base,test,provided,Conformity: rules,0.3506933668616049,0.025575081240603304,5,0.2935873308131373,0.04231265573272333,5,911.0,0.0,5,1088.4,286.78354206613744,5,0.06253002951472304,0.0,5,0.07470656874184914,0.01968450422583138,5,0.3507 ± 0.0256,0.2936 ± 0.0423,911.0000 ± 0.0000,1088.4000 ± 286.7835,0.0625 ± 0.0000,0.0747 ± 0.0197
schwartz_geosmooth,microsoft/deberta-v3-base,test,provided,Face,0.05118344131427725,0.0032118997898518686,5,0.027713471314530003,0.001523226526935256,5,267.0,0.0,5,4370.6,1346.4766243793465,5,0.018326583842405108,0.0,5,0.29999313611092043,0.09242066197950077,5,0.0512 ± 0.0032,0.0277 ± 0.0015,267.0000 ± 0.0000,4370.6000 ± 1346.4766,0.0183 ± 0.0000,0.3000 ± 0.0924
schwartz_geosmooth,microsoft/deberta-v3-base,test,provided,Hedonism,0.041457492020700745,0.011608262927928577,5,0.01834263190615992,0.003608907460298178,5,125.0,0.0,5,1366.0,1012.6092533647912,5,0.008579861349440594,0.0,5,0.0937607248266868,0.06950437596024375,5,0.0415 ± 0.0116,0.0183 ± 0.0036,125.0000 ± 0.0000,1366.0000 ± 1012.6093,0.0086 ± 0.0000,0.0938 ± 0.0695
schwartz_geosmooth,microsoft/deberta-v3-base,test,provided,Humility,0.005074442806706703,0.003212090388410083,5,0.003267699336625006,0.00033181049940044893,5,30.0,0.0,5,419.6,287.87462548824965,5,0.0020591667238657424,0.0,5,0.02880087857780218,0.01975939498169055,5,0.0051 ± 0.0032,0.0033 ± 0.0003,30.0000 ± 0.0000,419.6000 ± 287.8746,0.0021 ± 0.0000,0.0288 ± 0.0198
schwartz_geosmooth,microsoft/deberta-v3-base,test,provided,Power: dominance,0.17552908384602384,0.017756683959557883,5,0.10736482176877508,0.013746804877124605,5,631.0,0.0,5,2064.4,333.736872400998,5,0.04331114009197611,0.0,5,0.14169812615828128,0.02290732873917208,5,0.1755 ± 0.0178,0.1074 ± 0.0137,631.0000 ± 0.0000,2064.4000 ± 333.7369,0.0433 ± 0.0000,0.1417 ± 0.0229
schwartz_geosmooth,microsoft/deberta-v3-base,test,provided,Power: resources,0.27030944645611804,0.01718397553464288,5,0.19392611245095273,0.019825814142209065,5,805.0,0.0,5,1480.0,223.16697784394535,5,0.05525430709039743,0.0,5,0.10158555837737662,0.015317933821397855,5,0.2703 ± 0.0172,0.1939 ± 0.0198,805.0000 ± 0.0000,1480.0000 ± 223.1670,0.0553 ± 0.0000,0.1016 ± 0.0153
schwartz_geosmooth,microsoft/deberta-v3-base,test,provided,Security: personal,0.13560123166540414,0.0353406326087925,5,0.079144587711832,0.015311786095911446,5,352.0,0.0,5,1939.0,427.9281481744336,5,0.02416088956002471,0.0,5,0.13309080925252248,0.029372513430876077,5,0.1356 ± 0.0353,0.0791 ± 0.0153,352.0000 ± 0.0000,1939.0000 ± 427.9281,0.0242 ± 0.0000,0.1331 ± 0.0294
schwartz_geosmooth,microsoft/deberta-v3-base,test,provided,Security: societal,0.36263448018513683,0.02254526813648482,5,0.3225085502897938,0.013724246880403355,5,1151.0,0.0,5,1464.2,290.64703679893245,5,0.07900336330564899,0.0,5,0.10050106390280733,0.01994969021888478,5,0.3626 ± 0.0225,0.3225 ± 0.0137,1151.0000 ± 0.0000,1464.2000 ± 290.6470,0.0790 ± 0.0000,0.1005 ± 0.0199
schwartz_geosmooth,microsoft/deberta-v3-base,test,provided,Self-direction: action,0.11991213659542468,0.014762538427579725,5,0.06993377382025481,0.010369060467688845,5,512.0,0.0,5,1076.6,400.95984836389795,5,0.03514311208730867,0.0,5,0.07389662983046194,0.02752143924523974,5,0.1199 ± 0.0148,0.0699 ± 0.0104,512.0000 ± 0.0000,1076.6000 ± 400.9598,0.0351 ± 0.0000,0.0739 ± 0.0275
schwartz_geosmooth,microsoft/deberta-v3-base,test,provided,Self-direction: thought,0.06209911773955298,0.012091547164423176,5,0.035213864581831,0.0051316401926184505,5,171.0,0.0,5,924.0,690.601549375615,5,0.011737250326034732,0.0,5,0.06342233509506487,0.04740212433081303,5,0.0621 ± 0.0121,0.0352 ± 0.0051,171.0000 ± 0.0000,924.0000 ± 690.6015,0.0117 ± 0.0000,0.0634 ± 0.0474
schwartz_geosmooth,microsoft/deberta-v3-base,test,provided,Stimulation,0.1587102024830944,0.011505939939072268,5,0.11401803933389384,0.008981069263879692,5,371.0,0.0,5,360.2,66.14529461722881,5,0.02546502848513968,0.0,5,0.02472372846454801,0.00454013965386978,5,0.1587 ± 0.0115,0.1140 ± 0.0090,371.0000 ± 0.0000,360.2000 ± 66.1453,0.0255 ± 0.0000,0.0247 ± 0.0045
schwartz_geosmooth,microsoft/deberta-v3-base,test,provided,Tradition,0.05233051745850885,0.008309970671951853,5,0.025990727012464566,0.0039667649629835065,5,196.0,0.0,5,3272.6,1011.0931213295835,5,0.01345322259592285,0.0,5,0.2246276340174343,0.06940031033904755,5,0.0523 ± 0.0083,0.0260 ± 0.0040,196.0000 ± 0.0000,3272.6000 ± 1011.0931,0.0135 ± 0.0000,0.2246 ± 0.0694
schwartz_geosmooth,microsoft/deberta-v3-base,test,provided,Universalism: concern,0.3699360353698672,0.01028040112345936,5,0.3004221866361468,0.015852089983973944,5,735.0,0.0,5,1089.6,218.3719304306302,5,0.05044958473471069,0.0,5,0.07478893541080375,0.014988807085635951,5,0.3699 ± 0.0103,0.3004 ± 0.0159,735.0000 ± 0.0000,1089.6000 ± 218.3719,0.0504 ± 0.0000,0.0748 ± 0.0150
schwartz_geosmooth,microsoft/deberta-v3-base,test,provided,Universalism: nature,0.2817343536261777,0.029686946498163554,5,0.2003114546997093,0.03352715302952783,5,293.0,0.0,5,557.2,97.3688862008804,5,0.02011119500308875,0.0,5,0.03824558995126639,0.006683292346824108,5,0.2817 ± 0.0297,0.2003 ± 0.0335,293.0000 ± 0.0000,557.2000 ± 97.3689,0.0201 ± 0.0000,0.0382 ± 0.0067
schwartz_geosmooth,microsoft/deberta-v3-base,test,provided,Universalism: tolerance,0.09393519839764826,0.01771699743208018,5,0.05356426137135016,0.010537202960952612,5,171.0,0.0,5,271.0,151.25971043209094,5,0.011737250326034732,0.0,5,0.01860113940558721,0.010382298746110985,5,0.0939 ± 0.0177,0.0536 ± 0.0105,171.0000 ± 0.0000,271.0000 ± 151.2597,0.0117 ± 0.0000,0.0186 ± 0.0104
