method,seed,model_slug,objective,transform,rho,threshold_delta,conflict_filter,opposite_margin,validation_macro_f1,validation_micro_f1,validation_macro_auprc,validation_micro_auprc,validation_circular_error,validation_opposite_value_activation,validation_neighbor_error_rate,validation_opposite_error_rate,validation_confusion_distance_correlation,validation_geometry_cost,validation_n_predictions,validation_prediction_rate,test_macro_f1,test_micro_f1,test_macro_auprc,test_micro_auprc,test_circular_error,test_opposite_value_activation,test_neighbor_error_rate,test_opposite_error_rate,test_confusion_distance_correlation,test_geometry_cost,test_n_predictions,test_prediction_rate
asl,7,deberta-v3-base,standard,none,0.0,0.0,none,,0.27678299174692433,0.3187255270074559,0.19758051671936325,0.2413640018107558,0.20468693078853517,0.0832391452183287,0.17787848746636453,0.48619175754142474,-0.05510175572680937,0.7741178335482886,10032.0,0.03542673107890499,0.26810382181103454,0.3111477210323998,0.204163647161507,0.24235932765632798,0.19997216897286949,0.08026944026864752,0.20121072355145575,0.4729028538483713,-0.10289083391580314,0.7531444630898882,9771.0,0.03529845273489854
asl,7,deberta-v3-base,f1,none,0.0,0.0,none,,0.27678299174692433,0.3187255270074559,0.19758051671936325,0.2413640018107558,0.20468693078853517,0.0832391452183287,0.17787848746636453,0.48619175754142474,-0.05510175572680937,0.7741178335482886,10032.0,0.03542673107890499,0.26810382181103454,0.3111477210323998,0.204163647161507,0.24235932765632798,0.19997216897286949,0.08026944026864752,0.20121072355145575,0.4729028538483713,-0.10289083391580314,0.7531444630898882,9771.0,0.03529845273489854
asl,7,deberta-v3-base,pareto_99,none,0.0,0.0,none,,0.27678299174692433,0.3187255270074559,0.19758051671936325,0.2413640018107558,0.20468693078853517,0.0832391452183287,0.17787848746636453,0.48619175754142474,-0.05510175572680937,0.7741178335482886,10032.0,0.03542673107890499,0.26810382181103454,0.3111477210323998,0.204163647161507,0.24235932765632798,0.19997216897286949,0.08026944026864752,0.20121072355145575,0.4729028538483713,-0.10289083391580314,0.7531444630898882,9771.0,0.03529845273489854
asl,7,deberta-v3-base,pareto_98,opposite_suppression,0.5,-0.05,opposite_margin,0.1,0.27173776651054427,0.2904592943031737,0.18284396983004264,0.22152220146363583,0.16914490426233394,0.06728260656537151,0.18708495534692007,0.4677123883673002,-0.09640317071187884,0.7041398991950056,11681.0,0.04124996468627285,0.267413488708772,0.2858438744141511,0.18768494384879875,0.2205137912668102,0.16537425709005507,0.06486212773061195,0.19992997198879553,0.45401493930905695,-0.11523100436223623,0.684251324129724,11404.0,0.041197784770113904
asl,7,deberta-v3-base,pareto_95,opposite_suppression,1.0,-0.05,opposite_margin,0.1,0.26764082997912964,0.293592354692151,0.18009217566983726,0.21839283077021698,0.1409847738967866,0.054928700954878826,0.18726543289763167,0.47068720072473147,-0.095330025644954,0.6666006755763969,10538.0,0.03721360567279713,0.2667726090863338,0.291415461772395,0.1841693206378572,0.2173716529583771,0.1379748656688156,0.052966159702114046,0.2019014921431401,0.45899907566354153,-0.12303091094081658,0.6499401010344712,10304.0,0.037223954250373
asl,11,deberta-v3-base,standard,none,0.0,0.0,none,,0.32211473843684507,0.369163842379483,0.25079232559567916,0.28445658414084607,0.5742624508908138,0.2343549105278809,0.1924357437741377,0.4890131841789852,-0.09436335683930827,1.29763054559768,11158.0,0.03940305675622228,0.30532890711885186,0.35423440161015635,0.25302096688404563,0.28983717087666633,0.5687114552214213,0.2308080031564136,0.20397015720756728,0.48081534772182255,-0.14673087296729434,1.2803348060996576,10938.0,0.039514325659023665
asl,11,deberta-v3-base,f1,none,0.0,0.0,opposite_margin,0.1,0.32232628578310263,0.36827984728098234,0.25079232559567916,0.28445658414084607,0.5742624508908138,0.2343549105278809,0.1946681477367398,0.48528186614829216,-0.12399656925536631,1.293899227566987,10771.0,0.03803641551543916,0.3051854320266197,0.3547078349754992,0.25302096688404563,0.28983717087666633,0.5687114552214213,0.2308080031564136,0.2063005296905492,0.47797602453303595,-0.17767114475171847,1.277495482910871,10540.0,0.03807652152551741
asl,11,deberta-v3-base,pareto_99,none,0.0,0.0,opposite_margin,0.1,0.32232628578310263,0.36827984728098234,0.25079232559567916,0.28445658414084607,0.5742624508908138,0.2343549105278809,0.1946681477367398,0.48528186614829216,-0.12399656925536631,1.293899227566987,10771.0,0.03803641551543916,0.3051854320266197,0.3547078349754992,0.25302096688404563,0.28983717087666633,0.5687114552214213,0.2308080031564136,0.2063005296905492,0.47797602453303595,-0.17767114475171847,1.277495482910871,10540.0,0.03807652152551741
asl,11,deberta-v3-base,pareto_98,none,0.0,0.0,opposite_margin,0.1,0.32232628578310263,0.36827984728098234,0.25079232559567916,0.28445658414084607,0.5742624508908138,0.2343549105278809,0.1946681477367398,0.48528186614829216,-0.12399656925536631,1.293899227566987,10771.0,0.03803641551543916,0.3051854320266197,0.3547078349754992,0.25302096688404563,0.28983717087666633,0.5687114552214213,0.2308080031564136,0.2063005296905492,0.47797602453303595,-0.17767114475171847,1.277495482910871,10540.0,0.03807652152551741
asl,11,deberta-v3-base,pareto_95,opposite_suppression,0.5,-0.05,opposite_margin,0.0,0.31150892524660695,0.36285309194023346,0.2502778580203903,0.2845791257186589,0.4478253422646469,0.18057346484858205,0.20015625,0.48453125,-0.14411963153777912,1.112930057113229,9727.0,0.03434966240076843,0.30257294089257636,0.35610352104853943,0.25346084986882284,0.2898501262219521,0.44327279149784504,0.1775509600888935,0.2100298695173715,0.48357176544568464,-0.18701128791906427,1.1043955170324231,9567.0,0.034561487802146594
asl,42,deberta-v3-base,standard,none,0.0,0.0,none,,0.2794048491512511,0.3232345013477089,0.20125516957064948,0.24208015650890327,0.2565613266261969,0.09815498268226168,0.18138596743985017,0.481342746002017,-0.07231025688537322,0.8360590553104756,9939.0,0.03509831341639122,0.2759772384232524,0.3232837307075289,0.20842090534240537,0.24374602506407983,0.24980030997285277,0.09466495641137374,0.20145920190589636,0.46813579511614056,-0.12673301019061256,0.812601061500367,9638.0,0.03481798049932987
asl,42,deberta-v3-base,f1,none,0.0,0.0,none,,0.2794048491512511,0.3232345013477089,0.20125516957064948,0.24208015650890327,0.2565613266261969,0.09815498268226168,0.18138596743985017,0.481342746002017,-0.07231025688537322,0.8360590553104756,9939.0,0.03509831341639122,0.2759772384232524,0.3232837307075289,0.20842090534240537,0.24374602506407983,0.24980030997285277,0.09466495641137374,0.20145920190589636,0.46813579511614056,-0.12673301019061256,0.812601061500367,9638.0,0.03481798049932987
asl,42,deberta-v3-base,pareto_99,none,0.0,0.0,opposite_margin,0.0,0.2771149364368179,0.3228998721298716,0.20125516957064948,0.24208015650890327,0.2565613266261969,0.09815498268226168,0.18201483312731767,0.4813040791100124,-0.10388692673758748,0.8360203884184709,9376.0,0.033110150577732575,0.2728899154801685,0.3215856514537042,0.20842090534240537,0.24374602506407983,0.24980030997285277,0.09466495641137374,0.2021429713737406,0.4701743163281625,-0.16145125612268582,0.8146395827123889,9068.0,0.03275881377546413
asl,42,deberta-v3-base,pareto_98,opposite_suppression,0.5,-0.05,none,,0.2764966551815143,0.3207445663869163,0.18816676879347438,0.21775613682608325,0.20835674993547298,0.07794382627837024,0.18181818181818182,0.4834190966266438,-0.08176763190218389,0.7697196728404869,9977.0,0.03523250557956889,0.27509168477342644,0.32195878573011294,0.19566077662810824,0.2223074863466181,0.20274720062246274,0.07487814849030788,0.2030714179215745,0.47114954525123004,-0.1342025147309649,0.7487748943640007,9613.0,0.03472766616933576
asl,42,deberta-v3-base,pareto_95,opposite_suppression,1.0,-0.05,opposite_margin,0.0,0.2689734410070067,0.3197579706772167,0.1856173567746544,0.21378656947544192,0.17037067272530282,0.06239358581062025,0.1815062617944759,0.49116486532852976,-0.10206866353017964,0.7239291238644529,8577.0,0.030288583778286294,0.27043481525659435,0.32103474995529596,0.19234715565811306,0.21854588104096054,0.16571912122292665,0.05970688696762804,0.2021257750221435,0.48343666961913195,-0.1599083541937078,0.7088626778096867,8338.0,0.03012163533963607
asl,1701,deberta-v3-base,standard,none,0.0,0.0,none,,0.2805649260184495,0.3199288058290228,0.20058284900947065,0.23245721539806208,0.2875548211716814,0.11643105909165004,0.17498459642637093,0.5012322858903265,-0.07633290029091258,0.905218166153658,9368.0,0.03308189959601096,0.2644032541931331,0.310658379373849,0.2057206697687724,0.23699918653053595,0.27848742562603584,0.11153465782121626,0.19413273485091376,0.4948701506893235,-0.12557499002590777,0.8848922341365756,8937.0,0.03228556668629498
asl,1701,deberta-v3-base,f1,none,0.0,0.0,none,,0.2805649260184495,0.3199288058290228,0.20058284900947065,0.23245721539806208,0.2875548211716814,0.11643105909165004,0.17498459642637093,0.5012322858903265,-0.07633290029091258,0.905218166153658,9368.0,0.03308189959601096,0.2644032541931331,0.310658379373849,0.2057206697687724,0.23699918653053595,0.27848742562603584,0.11153465782121626,0.19413273485091376,0.4948701506893235,-0.12557499002590777,0.8848922341365756,8937.0,0.03228556668629498
asl,1701,deberta-v3-base,pareto_99,none,0.0,0.0,opposite_margin,0.1,0.2779799861363436,0.31773580625035447,0.20058284900947065,0.23245721539806208,0.2875548211716814,0.11643105909165004,0.17559093101784853,0.49943720855442997,-0.09789862433837736,0.9034230888177615,9020.0,0.031852981891120714,0.2636925327551117,0.3103610490415148,0.2057206697687724,0.23699918653053595,0.27848742562603584,0.11153465782121626,0.19534412955465588,0.49274628879892035,-0.15503358560872876,0.8827683722461724,8567.0,0.03094891460238213
asl,1701,deberta-v3-base,pareto_98,none,0.0,0.0,opposite_margin,0.0,0.2767790030342746,0.3169411362470796,0.20058284900947065,0.23245721539806208,0.2875548211716814,0.11643105909165004,0.17638460289101834,0.49829462400519736,-0.10322649269995181,0.9022805042685288,8938.0,0.031563409328474165,0.26320048587337874,0.31001063704053894,0.2057206697687724,0.23699918653053595,0.27848742562603584,0.11153465782121626,0.19641638225255972,0.4926621160409556,-0.15849160087417996,0.8826841994882078,8483.0,0.030645458453601917
asl,1701,deberta-v3-base,pareto_95,opposite_suppression,0.5,-0.05,opposite_margin,0.0,0.27117735858927755,0.3122179699548752,0.1880964936638378,0.21318464281221275,0.23184671426693274,0.09205113168216227,0.1805938666233977,0.4989453188382281,-0.11596535185122718,0.8228431647873231,8896.0,0.03141509167443569,0.25925455908058204,0.30584049807293207,0.18993360942739015,0.21664197467429064,0.22429936711883583,0.08783829977992477,0.19907644946126218,0.49409953822473063,-0.16815269501458224,0.8062372051234912,8426.0,0.030439541781215343
asl,1984,deberta-v3-base,standard,none,0.0,0.0,none,,0.31395751877557015,0.36336237344007527,0.246941135530472,0.3005329400173653,0.5770897554915488,0.23280840268182418,0.18754277891854895,0.49885922883869493,-0.10115205087385086,1.3087573870120681,12624.0,0.0445800491567082,0.3024572224364529,0.35361953677681945,0.24637065962507146,0.2940473100702166,0.5705900739135945,0.22876507487962594,0.1936842105263158,0.4927485380116959,-0.12139837370806553,1.2921036868049163,12199.0,0.04406978046392665
asl,1984,deberta-v3-base,f1,none,0.0,0.0,opposite_margin,0.1,0.31520740307650946,0.3650534013278168,0.246941135530472,0.3005329400173653,0.5770897554915488,0.23280840268182418,0.19114664121226585,0.49528695859682614,-0.1276077400384187,1.305185116770199,12175.0,0.04299446280758256,0.30304303220512163,0.35529376825223974,0.24637065962507146,0.2940473100702166,0.5705900739135945,0.22876507487962594,0.19498470948012234,0.4906422018348624,-0.14371391087346108,1.2899973506280829,11764.0,0.04249831112202911
asl,1984,deberta-v3-base,pareto_99,none,0.0,0.0,opposite_margin,0.1,0.31520740307650946,0.3650534013278168,0.246941135530472,0.3005329400173653,0.5770897554915488,0.23280840268182418,0.19114664121226585,0.49528695859682614,-0.1276077400384187,1.305185116770199,12175.0,0.04299446280758256,0.30304303220512163,0.35529376825223974,0.24637065962507146,0.2940473100702166,0.5705900739135945,0.22876507487962594,0.19498470948012234,0.4906422018348624,-0.14371391087346108,1.2899973506280829,11764.0,0.04249831112202911
asl,1984,deberta-v3-base,pareto_98,none,0.0,0.0,opposite_margin,0.1,0.31520740307650946,0.3650534013278168,0.246941135530472,0.3005329400173653,0.5770897554915488,0.23280840268182418,0.19114664121226585,0.49528695859682614,-0.1276077400384187,1.305185116770199,12175.0,0.04299446280758256,0.30304303220512163,0.35529376825223974,0.24637065962507146,0.2940473100702166,0.5705900739135945,0.22876507487962594,0.19498470948012234,0.4906422018348624,-0.14371391087346108,1.2899973506280829,11764.0,0.04249831112202911
asl,1984,deberta-v3-base,pareto_95,opposite_suppression,0.5,-0.05,opposite_margin,0.1,0.3043510200403349,0.35813929893978597,0.24677211916739122,0.3005877976105643,0.4503646181714595,0.17933594982146378,0.193608029582673,0.49775488642366617,-0.13345779820435533,1.1274554544165896,11102.0,0.03920529988417097,0.29971337995261144,0.35369708275040157,0.2460318600691862,0.2933311958559552,0.445127570315512,0.1759961568953868,0.19967772257284813,0.48972740700953404,-0.15018813773491152,1.1108511342204328,10860.0,0.03923254494944204
bce,7,deberta-v3-base,standard,none,0.0,0.0,none,,0.3045814004479097,0.3556668753913588,0.23252428239654177,0.2871738241749431,0.1480912471355951,0.05745671938918532,0.17013478363679357,0.5277843461811302,-0.07894363128204214,0.7333323127059106,12150.0,0.04290617848970252,0.2936736627630485,0.3475988561285869,0.23795926960713357,0.28730297439899594,0.14392374339356276,0.05411234585142704,0.1912719403702813,0.5159894205337822,-0.12424872169013074,0.714025509778772,11843.0,0.0427837044048105
bce,7,deberta-v3-base,f1,none,0.0,0.0,none,,0.3045814004479097,0.3556668753913588,0.23252428239654177,0.2871738241749431,0.1480912471355951,0.05745671938918532,0.17013478363679357,0.5277843461811302,-0.07894363128204214,0.7333323127059106,12150.0,0.04290617848970252,0.2936736627630485,0.3475988561285869,0.23795926960713357,0.28730297439899594,0.14392374339356276,0.05411234585142704,0.1912719403702813,0.5159894205337822,-0.12424872169013074,0.714025509778772,11843.0,0.0427837044048105
bce,7,deberta-v3-base,pareto_99,none,0.0,0.0,opposite_margin,0.0,0.30219747376253275,0.3538103029401557,0.23252428239654177,0.2871738241749431,0.1480912471355951,0.05745671938918532,0.17158948685857323,0.5266583229036296,-0.10981971750391097,0.73220628942841,11558.0,0.04081560584230302,0.29191621379025756,0.348278825254006,0.23795926960713357,0.28730297439899594,0.14392374339356276,0.05411234585142704,0.1904038485884289,0.5184200531712875,-0.1498682503839866,0.7164561424162773,11344.0,0.04098103037812804
bce,7,deberta-v3-base,pareto_98,none,0.0,0.0,opposite_margin,0.0,0.30219747376253275,0.3538103029401557,0.23252428239654177,0.2871738241749431,0.1480912471355951,0.05745671938918532,0.17158948685857323,0.5266583229036296,-0.10981971750391097,0.73220628942841,11558.0,0.04081560584230302,0.29191621379025756,0.348278825254006,0.23795926960713357,0.28730297439899594,0.14392374339356276,0.05411234585142704,0.1904038485884289,0.5184200531712875,-0.1498682503839866,0.7164561424162773,11344.0,0.04098103037812804
bce,7,deberta-v3-base,pareto_95,opposite_suppression,0.5,0.0,opposite_margin,0.0,0.29000818773767795,0.35066786336518657,0.23197676524434221,0.2847800565531227,0.12359098144166629,0.04670318739888696,0.1747752889142531,0.5328862890569268,-0.122136033223153,0.7031804578974801,10330.0,0.036479080148035144,0.28869478449256714,0.35008572653236175,0.23638067711594993,0.2832423363481655,0.12010198351037324,0.04400746628655358,0.19028456453003736,0.5267318194883587,-0.1517405510377448,0.6908412692852854,10225.0,0.036938560967591606
bce,11,deberta-v3-base,standard,none,0.0,0.0,none,,0.31588999353635394,0.3623724301138885,0.24528605104717605,0.30391036408868977,0.11693045269784727,0.04343668584918045,0.1783168688258097,0.508690759034638,-0.09009803167655618,0.6690578975816657,11672.0,0.04121818233183603,0.295947691274214,0.34885013899418754,0.24603551512745064,0.30047407226307216,0.11382629584847742,0.04154926357330836,0.1850538315389487,0.5099430018999367,-0.13997855417002122,0.6653185613217225,11346.0,0.04098825552452757
bce,11,deberta-v3-base,f1,none,0.0,0.0,none,,0.31588999353635394,0.3623724301138885,0.24528605104717605,0.30391036408868977,0.11693045269784727,0.04343668584918045,0.1783168688258097,0.508690759034638,-0.09009803167655618,0.6690578975816657,11672.0,0.04121818233183603,0.295947691274214,0.34885013899418754,0.24603551512745064,0.30047407226307216,0.11382629584847742,0.04154926357330836,0.1850538315389487,0.5099430018999367,-0.13997855417002122,0.6653185613217225,11346.0,0.04098825552452757
bce,11,deberta-v3-base,pareto_99,none,0.0,0.0,opposite_margin,0.0,0.3144941152636928,0.36129884648610194,0.24528605104717605,0.30391036408868977,0.11693045269784727,0.04343668584918045,0.17822441102089712,0.5080527086383602,-0.12319471261656798,0.6684198471853879,11068.0,0.039085233211854115,0.292642342012371,0.3484588596080877,0.24603551512745064,0.30047407226307216,0.11382629584847742,0.04154926357330836,0.18689581095596133,0.5099355531686359,-0.1686199438836067,0.6653111125904216,10800.0,0.03901579055745617
bce,11,deberta-v3-base,pareto_98,none,0.0,0.0,opposite_margin,0.0,0.3144941152636928,0.36129884648610194,0.24528605104717605,0.30391036408868977,0.11693045269784727,0.04343668584918045,0.17822441102089712,0.5080527086383602,-0.12319471261656798,0.6684198471853879,11068.0,0.039085233211854115,0.292642342012371,0.3484588596080877,0.24603551512745064,0.30047407226307216,0.11382629584847742,0.04154926357330836,0.18689581095596133,0.5099355531686359,-0.1686199438836067,0.6653111125904216,10800.0,0.03901579055745617
bce,11,deberta-v3-base,pareto_95,opposite_suppression,0.5,0.0,opposite_margin,0.0,0.30238240068050837,0.3573230290345086,0.2448160573737438,0.3024349564140513,0.09833613904367594,0.03553287998248296,0.18078589571193784,0.5127745405647691,-0.13064184520091301,0.646643559590928,10022.0,0.035391417351752975,0.29086873348194514,0.35188234002853697,0.2459648001163064,0.2996021748545303,0.09585876423812018,0.03405460684243673,0.1892960316253611,0.514672343013532,-0.17658602388501413,0.6445857140940889,9783.0,0.03534180361329572
bce,42,deberta-v3-base,standard,none,0.0,0.0,none,,0.3051775050713913,0.3462186492081067,0.23041633713948007,0.2762630740326968,0.12844459499816663,0.04759334650044733,0.18363296754611252,0.528251225776325,-0.0973636343265864,0.704289167274939,12162.0,0.04294855496228494,0.29630508385730386,0.33617000344335674,0.2312928042550224,0.27116088144330946,0.12714188766778417,0.04555671759531583,0.1947362209370943,0.5176442818364215,-0.14557562479692246,0.6903428870995215,11890.0,0.04295349534519943
bce,42,deberta-v3-base,f1,none,0.0,0.0,none,,0.3051775050713913,0.3462186492081067,0.23041633713948007,0.2762630740326968,0.12844459499816663,0.04759334650044733,0.18363296754611252,0.528251225776325,-0.0973636343265864,0.704289167274939,12162.0,0.04294855496228494,0.29630508385730386,0.33617000344335674,0.2312928042550224,0.27116088144330946,0.12714188766778417,0.04555671759531583,0.1947362209370943,0.5176442818364215,-0.14557562479692246,0.6903428870995215,11890.0,0.04295349534519943
bce,42,deberta-v3-base,pareto_99,none,0.0,0.0,opposite_margin,0.1,0.30351830368246613,0.3466692847675618,0.23041633713948007,0.2762630740326968,0.12844459499816663,0.04759334650044733,0.18677846639931947,0.5255802649167578,-0.1311023503949197,0.7016182064153718,11760.0,0.04152894313077379,0.29592729607526663,0.3385047948988302,0.2312928042550224,0.27116088144330946,0.12714188766778417,0.04555671759531583,0.19674355495251017,0.5162205501418528,-0.17192131670054803,0.6889191554049527,11478.0,0.041465115186896474
bce,42,deberta-v3-base,pareto_98,none,0.0,0.0,opposite_margin,0.1,0.30351830368246613,0.3466692847675618,0.23041633713948007,0.2762630740326968,0.12844459499816663,0.04759334650044733,0.18677846639931947,0.5255802649167578,-0.1311023503949197,0.7016182064153718,11760.0,0.04152894313077379,0.29592729607526663,0.3385047948988302,0.2312928042550224,0.27116088144330946,0.12714188766778417,0.04555671759531583,0.19674355495251017,0.5162205501418528,-0.17192131670054803,0.6889191554049527,11478.0,0.041465115186896474
bce,42,deberta-v3-base,pareto_95,opposite_suppression,1.0,0.0,opposite_margin,0.0,0.29029482395886963,0.3408370669872145,0.22956688043993498,0.2720424800811781,0.09540183049854101,0.03377347792502062,0.18578819233110164,0.5392574558734023,-0.14560832728524128,0.668432764296964,9691.0,0.03422253298302116,0.29466156778179414,0.3413309691361445,0.22867681968145268,0.26494642050028777,0.09500520159288924,0.03256279606829386,0.1950061274509804,0.5318627450980392,-0.18362699533408874,0.6594307427592223,9608.0,0.03470960330333693
bce,1701,deberta-v3-base,standard,none,0.0,0.0,none,,0.30014412472633173,0.34835432953244033,0.22884096541504556,0.2845076687227658,0.14230133004306172,0.05375219988258713,0.17832957110609482,0.49473288186606473,-0.07169572991897216,0.6907864117917135,11472.0,0.04051190778879566,0.29376666084554354,0.3434054716210698,0.23144312852735652,0.27945112350723494,0.13842230956077592,0.050716616326182185,0.1938631403261009,0.4932597252535627,-0.1302412884034384,0.6823986511405208,11153.0,0.04029102889697302
bce,1701,deberta-v3-base,f1,none,0.0,0.0,none,,0.30014412472633173,0.34835432953244033,0.22884096541504556,0.2845076687227658,0.14230133004306172,0.05375219988258713,0.17832957110609482,0.49473288186606473,-0.07169572991897216,0.6907864117917135,11472.0,0.04051190778879566,0.29376666084554354,0.3434054716210698,0.23144312852735652,0.27945112350723494,0.13842230956077592,0.050716616326182185,0.1938631403261009,0.4932597252535627,-0.1302412884034384,0.6823986511405208,11153.0,0.04029102889697302
bce,1701,deberta-v3-base,pareto_99,none,0.0,0.0,opposite_margin,0.0,0.29783989015092405,0.34803644037263887,0.22884096541504556,0.2845076687227658,0.14230133004306172,0.05375219988258713,0.1782977006857604,0.49320962753798575,-0.11104066405475521,0.6892631574636345,10818.0,0.038202390033053646,0.2942106953117575,0.34531464108780435,0.23144312852735652,0.27945112350723494,0.13842230956077592,0.050716616326182185,0.19355283096845297,0.49386967901914863,-0.1684725955827874,0.6830086049061067,10535.0,0.03805845865951859
bce,1701,deberta-v3-base,pareto_98,none,0.0,0.0,opposite_margin,0.0,0.29783989015092405,0.34803644037263887,0.22884096541504556,0.2845076687227658,0.14230133004306172,0.05375219988258713,0.1782977006857604,0.49320962753798575,-0.11104066405475521,0.6892631574636345,10818.0,0.038202390033053646,0.2942106953117575,0.34531464108780435,0.23144312852735652,0.27945112350723494,0.13842230956077592,0.050716616326182185,0.19355283096845297,0.49386967901914863,-0.1684725955827874,0.6830086049061067,10535.0,0.03805845865951859
bce,1701,deberta-v3-base,pareto_95,opposite_suppression,1.0,0.0,opposite_margin,0.0,0.28714258840838264,0.3447796629799062,0.22848196205224647,0.28084027344718104,0.1001261529252187,0.03630137715025114,0.17936982925541278,0.5152261925717303,-0.12983270040636605,0.6516537226472001,8658.0,0.030574624968217647,0.28660805541597734,0.34381302645628187,0.2299783932823456,0.2747463015719322,0.0974443490926029,0.03408345892161096,0.19543560949103422,0.5116826661836624,-0.17603134142076732,0.6432104741978762,8419.0,0.03041425376881699
bce,1984,deberta-v3-base,standard,none,0.0,0.0,none,,0.29213436442689583,0.3388998962166242,0.2230235796825044,0.2769007511400431,0.1492926955602996,0.053192655704906534,0.18977209560867148,0.5010561423012785,-0.09931090733161964,0.7035414935664845,12587.0,0.04444938836624573,0.28714713938201364,0.3364108482400462,0.22998026951908604,0.281487469553414,0.1476620194752777,0.05201028334838761,0.19245964555818942,0.5089739248222147,-0.14628023645391378,0.70864622764588,12357.0,0.04464056702948944
bce,1984,deberta-v3-base,f1,none,0.0,0.0,none,,0.29213436442689583,0.3388998962166242,0.2230235796825044,0.2769007511400431,0.1492926955602996,0.053192655704906534,0.18977209560867148,0.5010561423012785,-0.09931090733161964,0.7035414935664845,12587.0,0.04444938836624573,0.28714713938201364,0.3364108482400462,0.22998026951908604,0.281487469553414,0.1476620194752777,0.05201028334838761,0.19245964555818942,0.5089739248222147,-0.14628023645391378,0.70864622764588,12357.0,0.04464056702948944
bce,1984,deberta-v3-base,pareto_99,none,0.0,0.0,none,,0.29213436442689583,0.3388998962166242,0.2230235796825044,0.2769007511400431,0.1492926955602996,0.053192655704906534,0.18977209560867148,0.5010561423012785,-0.09931090733161964,0.7035414935664845,12587.0,0.04444938836624573,0.28714713938201364,0.3364108482400462,0.22998026951908604,0.281487469553414,0.1476620194752777,0.05201028334838761,0.19245964555818942,0.5089739248222147,-0.14628023645391378,0.70864622764588,12357.0,0.04464056702948944
bce,1984,deberta-v3-base,pareto_98,none,0.0,0.0,none,,0.29213436442689583,0.3388998962166242,0.2230235796825044,0.2769007511400431,0.1492926955602996,0.053192655704906534,0.18977209560867148,0.5010561423012785,-0.09931090733161964,0.7035414935664845,12587.0,0.04444938836624573,0.28714713938201364,0.3364108482400462,0.22998026951908604,0.281487469553414,0.1476620194752777,0.05201028334838761,0.19245964555818942,0.5089739248222147,-0.14628023645391378,0.70864622764588,12357.0,0.04464056702948944
bce,1984,deberta-v3-base,pareto_95,opposite_suppression,1.0,-0.05,opposite_margin,0.1,0.28138314957879534,0.2996362405887827,0.22274894983077625,0.2736983898998833,0.10618783832995277,0.03606088799611402,0.1888763164766298,0.5039603098616068,-0.10667108288377865,0.6462090361876736,15031.0,0.05308006328219906,0.2829394563010621,0.30311137962283696,0.2284840016086754,0.276270630561311,0.10494387037729291,0.035087478046194595,0.18944929602566388,0.5121190518624131,-0.14642660841590255,0.6521504002859007,14734.0,0.05322765352532956
empirical_structure,7,deberta-v3-base,standard,none,0.0,0.0,none,,0.3042740220918258,0.3481672887357642,0.23317828038315383,0.2893330363393196,0.14232388944733348,0.05328051475171746,0.17736154468724707,0.5436466643542606,-0.1075022290212582,0.7392510685533116,12287.0,0.043389976551685173,0.2921912281411059,0.33692880957050403,0.24088109214434628,0.28832710618171536,0.1397408923458148,0.050974598722346325,0.1943433869264171,0.5274028869850956,-0.1523944837584703,0.7181183780532567,11957.0,0.04319553774958365
empirical_structure,7,deberta-v3-base,f1,none,0.0,0.0,none,,0.3042740220918258,0.3481672887357642,0.23317828038315383,0.2893330363393196,0.14232388944733348,0.05328051475171746,0.17736154468724707,0.5436466643542606,-0.1075022290212582,0.7392510685533116,12287.0,0.043389976551685173,0.2921912281411059,0.33692880957050403,0.24088109214434628,0.28832710618171536,0.1397408923458148,0.050974598722346325,0.1943433869264171,0.5274028869850956,-0.1523944837584703,0.7181183780532567,11957.0,0.04319553774958365
empirical_structure,7,deberta-v3-base,pareto_99,none,0.0,0.0,opposite_margin,0.0,0.30248281119474657,0.34778363600859213,0.23317828038315383,0.2893330363393196,0.14232388944733348,0.05328051475171746,0.1784382144146312,0.5414510889183011,-0.13384487142518814,0.7370554931173521,11873.0,0.041927988247591606,0.29128072214741224,0.3366524893670253,0.24088109214434628,0.28832710618171536,0.1397408923458148,0.050974598722346325,0.19481789293571253,0.5274993889024688,-0.17834432109706028,0.7182148799706299,11546.0,0.04171077016448046
empirical_structure,7,deberta-v3-base,pareto_98,none,0.0,0.0,opposite_margin,0.0,0.30248281119474657,0.34778363600859213,0.23317828038315383,0.2893330363393196,0.14232388944733348,0.05328051475171746,0.1784382144146312,0.5414510889183011,-0.13384487142518814,0.7370554931173521,11873.0,0.041927988247591606,0.29128072214741224,0.3366524893670253,0.24088109214434628,0.28832710618171536,0.1397408923458148,0.050974598722346325,0.19481789293571253,0.5274993889024688,-0.17834432109706028,0.7182148799706299,11546.0,0.04171077016448046
empirical_structure,7,deberta-v3-base,pareto_95,opposite_suppression,0.5,0.0,opposite_margin,0.1,0.29308150171903496,0.3471781864299302,0.23132755382118428,0.2871728787344063,0.11869986952905992,0.04333050976519713,0.17956744450768355,0.5525042686397268,-0.13750381884408333,0.7145346479339838,10313.0,0.036419046811876715,0.2911686099092705,0.3408931745946237,0.2396607114575375,0.2852684384404633,0.11657949364588541,0.04137952939728874,0.19755747126436782,0.5396551724137931,-0.18063165315383198,0.6976141954569672,10124.0,0.036573691074415396
empirical_structure,11,deberta-v3-base,standard,none,0.0,0.0,none,,0.30752420412037174,0.3531168706041044,0.23717371892741226,0.29301448718220285,0.11451787341517101,0.043027232294904676,0.18120726243810423,0.5205140297099741,-0.10006558767114887,0.6780591354200498,12147.0,0.04289558437155691,0.30335884787848055,0.3475983395928049,0.24476360032492614,0.29742717808529834,0.11154104020015214,0.04031649194444496,0.18417874396135267,0.5251207729468599,-0.13949744619415233,0.676978305091457,11797.0,0.04261752603762134
empirical_structure,11,deberta-v3-base,f1,none,0.0,0.0,none,,0.30752420412037174,0.3531168706041044,0.23717371892741226,0.29301448718220285,0.11451787341517101,0.043027232294904676,0.18120726243810423,0.5205140297099741,-0.10006558767114887,0.6780591354200498,12147.0,0.04289558437155691,0.30335884787848055,0.3475983395928049,0.24476360032492614,0.29742717808529834,0.11154104020015214,0.04031649194444496,0.18417874396135267,0.5251207729468599,-0.13949744619415233,0.676978305091457,11797.0,0.04261752603762134
empirical_structure,11,deberta-v3-base,pareto_99,none,0.0,0.0,opposite_margin,0.0,0.30483004529445834,0.35232852254128855,0.23717371892741226,0.29301448718220285,0.11451787341517101,0.043027232294904676,0.1825,0.5165,-0.13207957884035526,0.6740451057100756,11552.0,0.04079441760601181,0.3035795894287678,0.34915633258792433,0.24476360032492614,0.29742717808529834,0.11154104020015214,0.04031649194444496,0.1868751602153294,0.522173801589336,-0.17566147479788335,0.6740313337339331,11237.0,0.04059448504575324
empirical_structure,11,deberta-v3-base,pareto_98,none,0.0,0.0,opposite_margin,0.0,0.30483004529445834,0.35232852254128855,0.23717371892741226,0.29301448718220285,0.11451787341517101,0.043027232294904676,0.1825,0.5165,-0.13207957884035526,0.6740451057100756,11552.0,0.04079441760601181,0.3035795894287678,0.34915633258792433,0.24476360032492614,0.29742717808529834,0.11154104020015214,0.04031649194444496,0.1868751602153294,0.522173801589336,-0.17566147479788335,0.6740313337339331,11237.0,0.04059448504575324
empirical_structure,11,deberta-v3-base,pareto_95,opposite_suppression,0.5,0.0,opposite_margin,0.0,0.2979704854220781,0.35051437615404907,0.23681724639122176,0.29135665600995875,0.09652304643606216,0.035365095074507025,0.18712617487895186,0.5243520364568499,-0.13987043220704484,0.6562401779674191,10344.0,0.03652851936604797,0.301356299523089,0.35014292648724454,0.24502065351108604,0.2956447771677157,0.09412504243249072,0.03308998114762753,0.1881563593932322,0.5284422403733956,-0.17370551673462906,0.6556572639535139,10102.0,0.036494214464020576
empirical_structure,42,deberta-v3-base,standard,none,0.0,0.0,none,,0.30104343310911313,0.34651958919741344,0.22888438271626854,0.27827382063911,0.12923181139663759,0.047861562595048084,0.1776233337131138,0.5335536060157229,-0.09984903963117996,0.7106469800074086,12421.0,0.04386318049552222,0.28935781264014054,0.33609110375705664,0.22564051208617142,0.27045525779561774,0.12857303577120552,0.04656630776772372,0.19743530499075784,0.5153650646950092,-0.1452304226805339,0.6905044082339384,12109.0,0.043744648875947846
empirical_structure,42,deberta-v3-base,f1,none,0.0,0.0,none,,0.30104343310911313,0.34651958919741344,0.22888438271626854,0.27827382063911,0.12923181139663759,0.047861562595048084,0.1776233337131138,0.5335536060157229,-0.09984903963117996,0.7106469800074086,12421.0,0.04386318049552222,0.28935781264014054,0.33609110375705664,0.22564051208617142,0.27045525779561774,0.12857303577120552,0.04656630776772372,0.19743530499075784,0.5153650646950092,-0.1452304226805339,0.6905044082339384,12109.0,0.043744648875947846
empirical_structure,42,deberta-v3-base,pareto_99,none,0.0,0.0,opposite_margin,0.0,0.29969119466598615,0.34706140993697787,0.22888438271626854,0.27827382063911,0.12923181139663759,0.047861562595048084,0.17866602456055863,0.5310618829761619,-0.13253916664743687,0.7081552569678475,11858.0,0.04187501765686358,0.2894791976756168,0.3383631457979414,0.22564051208617142,0.27045525779561774,0.12857303577120552,0.04656630776772372,0.19819269752106483,0.5180119672731713,-0.17346546337555413,0.6931513108121006,11575.0,0.04181553478727363
empirical_structure,42,deberta-v3-base,pareto_98,none,0.0,0.0,opposite_margin,0.0,0.29969119466598615,0.34706140993697787,0.22888438271626854,0.27827382063911,0.12923181139663759,0.047861562595048084,0.17866602456055863,0.5310618829761619,-0.13253916664743687,0.7081552569678475,11858.0,0.04187501765686358,0.2894791976756168,0.3383631457979414,0.22564051208617142,0.27045525779561774,0.12857303577120552,0.04656630776772372,0.19819269752106483,0.5180119672731713,-0.17346546337555413,0.6931513108121006,11575.0,0.04181553478727363
empirical_structure,42,deberta-v3-base,pareto_95,opposite_suppression,1.0,0.0,opposite_margin,0.0,0.2862642347905904,0.34451564266867696,0.2265492826499888,0.2730787059990149,0.0960195997306512,0.033861681677945045,0.18207365774293743,0.5448898091998226,-0.13815727847686918,0.6747710906084188,9960.0,0.03517247224341046,0.28217633097530015,0.3381357782143637,0.22365496839488005,0.2655120580351332,0.09591637786312991,0.03333427549710513,0.19890968027110653,0.5324885811109474,-0.17632794126184081,0.6617392344711825,9885.0,0.03571028607967169
empirical_structure,1701,deberta-v3-base,standard,none,0.0,0.0,none,,0.3013438242662805,0.34673650695835256,0.22895780950164857,0.27858755405760605,0.12945312158439565,0.047649499947439285,0.1811381244990649,0.5013358268768368,-0.07872321663838738,0.6784384484086716,10862.0,0.03835777043252253,0.2935517963666069,0.34214635161861146,0.23304773295265999,0.2761270693570368,0.12619686556034482,0.04497085734412996,0.19484508547008547,0.4953258547008547,-0.1286537192743434,0.6664935776053295,10775.0,0.03892547622746206
empirical_structure,1701,deberta-v3-base,f1,none,0.0,0.0,opposite_margin,0.1,0.30144790857891723,0.3471816283924844,0.22895780950164857,0.27858755405760605,0.12945312158439565,0.047649499947439285,0.18150353038903502,0.49826941713969264,-0.10225284733351094,0.6753720386715276,10549.0,0.03725245077266435,0.29315389929215546,0.34258474576271186,0.23304773295265999,0.2761270693570368,0.12619686556034482,0.04497085734412996,0.19453309282641876,0.495212987373387,-0.14623275493091764,0.6663807102778617,10441.0,0.03771887677874073
empirical_structure,1701,deberta-v3-base,pareto_99,none,0.0,0.0,opposite_margin,0.0,0.3003864969955513,0.34676910124184385,0.22895780950164857,0.27858755405760605,0.12945312158439565,0.047649499947439285,0.18160045083122006,0.4980276134122288,-0.11030030617543105,0.6751302349440638,10393.0,0.036701556629092864,0.29326567359205447,0.34268344709897613,0.23304773295265999,0.2761270693570368,0.12619686556034482,0.04497085734412996,0.19338028169014085,0.49690140845070424,-0.15082212400986855,0.668069131355179,10313.0,0.03725646740917088
empirical_structure,1701,deberta-v3-base,pareto_98,none,0.0,0.0,opposite_margin,0.0,0.3003864969955513,0.34676910124184385,0.22895780950164857,0.27858755405760605,0.12945312158439565,0.047649499947439285,0.18160045083122006,0.4980276134122288,-0.11030030617543105,0.6751302349440638,10393.0,0.036701556629092864,0.29326567359205447,0.34268344709897613,0.23304773295265999,0.2761270693570368,0.12619686556034482,0.04497085734412996,0.19338028169014085,0.49690140845070424,-0.15082212400986855,0.668069131355179,10313.0,0.03725646740917088
empirical_structure,1701,deberta-v3-base,pareto_95,opposite_suppression,0.5,0.0,opposite_margin,0.0,0.2918144279696264,0.3435033309074624,0.2287581325960406,0.2770793357112985,0.10907365148856475,0.03924447060694233,0.18499353169469598,0.5014553686934023,-0.11657138987382434,0.6497734907889094,9252.0,0.03267226036104755,0.29254286014700415,0.3441199684293607,0.23283818563008193,0.2741459608130205,0.1063969426557941,0.036993887416125845,0.19737473987514007,0.5012005762766127,-0.16056700545125988,0.6445914063485327,9299.0,0.03359331818460971
empirical_structure,1984,deberta-v3-base,standard,none,0.0,0.0,none,,0.29698105354766896,0.3417750608999403,0.22550665062449213,0.2784350038050237,0.13162338543944305,0.047460513655808154,0.1879507848960543,0.5028638099278744,-0.09456001148225514,0.6819477090231256,13146.0,0.046423425714043565,0.2941453412759389,0.33787134502923977,0.23353139120533092,0.2851171825295483,0.12847593536964133,0.045102493898220054,0.1922788203753351,0.501769436997319,-0.1326175652936279,0.6753478662651804,12936.0,0.04673224691215306
empirical_structure,1984,deberta-v3-base,f1,none,0.0,0.0,none,,0.29698105354766896,0.3417750608999403,0.22550665062449213,0.2784350038050237,0.13162338543944305,0.047460513655808154,0.1879507848960543,0.5028638099278744,-0.09456001148225514,0.6819477090231256,13146.0,0.046423425714043565,0.2941453412759389,0.33787134502923977,0.23353139120533092,0.2851171825295483,0.12847593536964133,0.045102493898220054,0.1922788203753351,0.501769436997319,-0.1326175652936279,0.6753478662651804,12936.0,0.04673224691215306
empirical_structure,1984,deberta-v3-base,pareto_99,none,0.0,0.0,opposite_margin,0.1,0.295896845991122,0.3431539187913126,0.22550665062449213,0.2784350038050237,0.13162338543944305,0.047460513655808154,0.19003917179630667,0.5027420257414661,-0.12663834720141556,0.6818259248367173,12569.0,0.04438582365737209,0.29587771445415234,0.340707327606891,0.23353139120533092,0.2851171825295483,0.12847593536964133,0.045102493898220054,0.19231638418079097,0.5048587570621469,-0.1570158845928278,0.6784371863300083,12400.0,0.044795907677079305
empirical_structure,1984,deberta-v3-base,pareto_98,none,0.0,0.0,opposite_margin,0.1,0.295896845991122,0.3431539187913126,0.22550665062449213,0.2784350038050237,0.13162338543944305,0.047460513655808154,0.19003917179630667,0.5027420257414661,-0.12663834720141556,0.6818259248367173,12569.0,0.04438582365737209,0.29587771445415234,0.340707327606891,0.23353139120533092,0.2851171825295483,0.12847593536964133,0.045102493898220054,0.19231638418079097,0.5048587570621469,-0.1570158845928278,0.6784371863300083,12400.0,0.044795907677079305
empirical_structure,1984,deberta-v3-base,pareto_95,opposite_suppression,1.0,0.0,none,,0.2861402398216835,0.34083838650145004,0.2254660995932536,0.2769646723249506,0.09563850703348437,0.03309173073544342,0.19137882617242347,0.5169896096602078,-0.12784336129433102,0.6457198474291356,10354.0,0.036563833093199986,0.29099238106531683,0.3456750547630496,0.23399554924907298,0.28208403115209585,0.09326127692053394,0.031197970873627436,0.1943773959960244,0.5195229305693596,-0.15898881946877022,0.643982178363521,10278.0,0.03713002734717912
random_geoloss,7,deberta-v3-base,standard,none,0.0,0.0,none,,0.3038400119811008,0.3510463786846945,0.22108406580585102,0.27421759788579797,0.1200833518002247,0.04505482511049948,0.16764890282131661,0.5324137931034483,-0.06694609162951869,0.6975519700141725,11506.0,0.040631974461112524,0.2898399393399946,0.3350919428366542,0.23064065970899553,0.2753818714157913,0.1182532423690916,0.04353194953131699,0.18341226161525662,0.5164469473953667,-0.11645780228422335,0.6782321392957753,11084.0,0.040041761346189274
random_geoloss,7,deberta-v3-base,f1,none,0.0,0.0,none,,0.3038400119811008,0.3510463786846945,0.22108406580585102,0.27421759788579797,0.1200833518002247,0.04505482511049948,0.16764890282131661,0.5324137931034483,-0.06694609162951869,0.6975519700141725,11506.0,0.040631974461112524,0.2898399393399946,0.3350919428366542,0.23064065970899553,0.2753818714157913,0.1182532423690916,0.04353194953131699,0.18341226161525662,0.5164469473953667,-0.11645780228422335,0.6782321392957753,11084.0,0.040041761346189274
random_geoloss,7,deberta-v3-base,pareto_99,none,0.0,0.0,opposite_margin,0.0,0.3016134617034119,0.3491515089929885,0.22108406580585102,0.27421759788579797,0.1200833518002247,0.04505482511049948,0.1693516699410609,0.5284872298624754,-0.09253588829202158,0.6936254067731996,11071.0,0.039095827329999715,0.28761357066462456,0.33298494983277593,0.23064065970899553,0.2753818714157913,0.1182532423690916,0.04353194953131699,0.18386366662228731,0.5173745173745173,-0.1341595718928574,0.679159709274926,10697.0,0.03864369551788043
random_geoloss,7,deberta-v3-base,pareto_98,none,0.0,0.0,opposite_margin,0.0,0.3016134617034119,0.3491515089929885,0.22108406580585102,0.27421759788579797,0.1200833518002247,0.04505482511049948,0.1693516699410609,0.5284872298624754,-0.09253588829202158,0.6936254067731996,11071.0,0.039095827329999715,0.28761357066462456,0.33298494983277593,0.23064065970899553,0.2753818714157913,0.1182532423690916,0.04353194953131699,0.18386366662228731,0.5173745173745173,-0.1341595718928574,0.679159709274926,10697.0,0.03864369551788043
random_geoloss,7,deberta-v3-base,pareto_95,opposite_suppression,1.0,0.0,none,,0.2890811193961829,0.34435201401050786,0.22133748948383455,0.2725393627158638,0.09093346475489145,0.03273100317629661,0.17298541826554106,0.5425940138142747,-0.09758538752169457,0.6662584817454628,9661.0,0.03411659180156511,0.2852642534427525,0.337342594161161,0.22777790293632708,0.27105138793376327,0.0895258628477753,0.03156139238465151,0.18924080853095654,0.5241126850230782,-0.14366729895556968,0.645199940255505,9270.0,0.03348855356181655
random_geoloss,11,deberta-v3-base,standard,none,0.0,0.0,none,,0.31065415150025655,0.36555463293117774,0.23728529871553125,0.29790273363603115,0.12006974311561604,0.04432674957488207,0.18226600985221675,0.5135467980295566,-0.09461118178583154,0.6779432907200547,11862.0,0.041889143147724385,0.3048185916607751,0.35775280898876405,0.24470834238359915,0.298347716454827,0.1169633819470606,0.04158776322096202,0.1866566716641679,0.5108695652173914,-0.1291486853428966,0.669420710385414,11586.0,0.041855273092471036
random_geoloss,11,deberta-v3-base,f1,none,0.0,0.0,none,,0.31065415150025655,0.36555463293117774,0.23728529871553125,0.29790273363603115,0.12006974311561604,0.04432674957488207,0.18226600985221675,0.5135467980295566,-0.09461118178583154,0.6779432907200547,11862.0,0.041889143147724385,0.3048185916607751,0.35775280898876405,0.24470834238359915,0.298347716454827,0.1169633819470606,0.04158776322096202,0.1866566716641679,0.5108695652173914,-0.1291486853428966,0.669420710385414,11586.0,0.041855273092471036
random_geoloss,11,deberta-v3-base,pareto_99,none,0.0,0.0,opposite_margin,0.1,0.30762220439757126,0.363600059901163,0.23728529871553125,0.29790273363603115,0.12006974311561604,0.04432674957488207,0.1827763496143959,0.5124678663239075,-0.11442112627161805,0.6768643590144057,11422.0,0.04033533915303557,0.30464545209496546,0.35780986885747823,0.24470834238359915,0.298347716454827,0.1169633819470606,0.04158776322096202,0.1870099320439101,0.5118923157344485,-0.1532257120827063,0.6704434609024711,11158.0,0.04030909176297185
random_geoloss,11,deberta-v3-base,pareto_98,none,0.0,0.0,opposite_margin,0.1,0.30762220439757126,0.363600059901163,0.23728529871553125,0.29790273363603115,0.12006974311561604,0.04432674957488207,0.1827763496143959,0.5124678663239075,-0.11442112627161805,0.6768643590144057,11422.0,0.04033533915303557,0.30464545209496546,0.35780986885747823,0.24470834238359915,0.298347716454827,0.1169633819470606,0.04158776322096202,0.1870099320439101,0.5118923157344485,-0.1532257120827063,0.6704434609024711,11158.0,0.04030909176297185
random_geoloss,11,deberta-v3-base,pareto_95,opposite_suppression,0.5,0.0,opposite_margin,0.1,0.29768811872848183,0.36069388618574144,0.23753108047098426,0.29681023138970186,0.10123808254867718,0.036472286931913324,0.18150137941048353,0.5193843473210397,-0.11358050635144223,0.6570947168016301,10297.0,0.03636254484843348,0.29899617442477827,0.3578288550771555,0.2454281108983459,0.29714979723017665,0.0987353867099953,0.03418323029509846,0.18749078035108424,0.519103112553474,-0.15754091353625876,0.6520217295585677,10095.0,0.036468926451622224
random_geoloss,42,deberta-v3-base,standard,none,0.0,0.0,none,,0.2986469306346898,0.34603882849954903,0.2283600572680852,0.2896911942307811,0.12671441052980875,0.04819413097150419,0.18249914879128362,0.5142435591873794,-0.09835759874649112,0.6891521006886924,12456.0,0.043986778540554286,0.294558913647381,0.3445135386573961,0.2298680822317023,0.28514559381833,0.12443999722159009,0.04641116346526706,0.18745570517363572,0.5083864871249705,-0.12043392185650696,0.6792376478118276,11984.0,0.04329307722597729
random_geoloss,42,deberta-v3-base,f1,none,0.0,0.0,none,,0.2986469306346898,0.34603882849954903,0.2283600572680852,0.2896911942307811,0.12671441052980875,0.04819413097150419,0.18249914879128362,0.5142435591873794,-0.09835759874649112,0.6891521006886924,12456.0,0.043986778540554286,0.294558913647381,0.3445135386573961,0.2298680822317023,0.28514559381833,0.12443999722159009,0.04641116346526706,0.18745570517363572,0.5083864871249705,-0.12043392185650696,0.6792376478118276,11984.0,0.04329307722597729
random_geoloss,42,deberta-v3-base,pareto_99,none,0.0,0.0,none,,0.2986469306346898,0.34603882849954903,0.2283600572680852,0.2896911942307811,0.12671441052980875,0.04819413097150419,0.18249914879128362,0.5142435591873794,-0.09835759874649112,0.6891521006886924,12456.0,0.043986778540554286,0.294558913647381,0.3445135386573961,0.2298680822317023,0.28514559381833,0.12443999722159009,0.04641116346526706,0.18745570517363572,0.5083864871249705,-0.12043392185650696,0.6792376478118276,11984.0,0.04329307722597729
random_geoloss,42,deberta-v3-base,pareto_98,none,0.0,0.0,opposite_margin,0.0,0.293197864411104,0.34439163032292847,0.2283600572680852,0.2896911942307811,0.12671441052980875,0.04819413097150419,0.1818401352330355,0.5141270224583434,-0.1268783747245927,0.6890355639596564,11796.0,0.041656072548521064,0.2953203571615548,0.3460277427490542,0.2298680822317023,0.28514559381833,0.12443999722159009,0.04641116346526706,0.1870286576168929,0.5139517345399698,-0.14741809958247684,0.6848028952268269,11386.0,0.041132758452518146
random_geoloss,42,deberta-v3-base,pareto_95,opposite_suppression,0.5,0.0,none,,0.2902395858176225,0.34431748622730063,0.22882792202148297,0.28976788479938104,0.1068604934901952,0.03966065442189562,0.18482541349435547,0.5220530322919401,-0.11888357827353106,0.6685741802040309,10993.0,0.03882038025821397,0.292094351244794,0.3455585287790546,0.230670076172378,0.28395936265450006,0.10495106127591418,0.03822767355567449,0.18970929439061007,0.5150812064965197,-0.1382293286833699,0.6582599413281083,10620.0,0.038365527381498565
random_geoloss,1701,deberta-v3-base,standard,none,0.0,0.0,none,,0.3021910399898495,0.34790817847560374,0.23184939983668915,0.28470434703483805,0.14157719201349833,0.052701559837100474,0.17631644621911655,0.5076116795607687,-0.06641940218830152,0.7018904314113675,11515.0,0.04066375681554934,0.2932125773961335,0.34174579799928906,0.23623340436097193,0.28198810229448606,0.1378299714127406,0.049832994953547795,0.18874382050957028,0.5019647610597033,-0.11038926967554874,0.6896277274259917,11254.0,0.040655898790149234
random_geoloss,1701,deberta-v3-base,f1,none,0.0,0.0,none,,0.3021910399898495,0.34790817847560374,0.23184939983668915,0.28470434703483805,0.14157719201349833,0.052701559837100474,0.17631644621911655,0.5076116795607687,-0.06641940218830152,0.7018904314113675,11515.0,0.04066375681554934,0.2932125773961335,0.34174579799928906,0.23623340436097193,0.28198810229448606,0.1378299714127406,0.049832994953547795,0.18874382050957028,0.5019647610597033,-0.11038926967554874,0.6896277274259917,11254.0,0.040655898790149234
random_geoloss,1701,deberta-v3-base,pareto_99,none,0.0,0.0,opposite_margin,0.0,0.30128074289847684,0.3473651708522026,0.23184939983668915,0.28470434703483805,0.14157719201349833,0.052701559837100474,0.17767929089443996,0.5061778135911899,-0.11238716026904168,0.7004565654417887,10821.0,0.03821298415119925,0.2927176573092459,0.34322078468496897,0.23623340436097193,0.28198810229448606,0.1378299714127406,0.049832994953547795,0.19064551422319476,0.5015043763676149,-0.15667652786274439,0.6891673427339033,10575.0,0.03820296158750917
random_geoloss,1701,deberta-v3-base,pareto_98,none,0.0,0.0,opposite_margin,0.0,0.30128074289847684,0.3473651708522026,0.23184939983668915,0.28470434703483805,0.14157719201349833,0.052701559837100474,0.17767929089443996,0.5061778135911899,-0.11238716026904168,0.7004565654417887,10821.0,0.03821298415119925,0.2927176573092459,0.34322078468496897,0.23623340436097193,0.28198810229448606,0.1378299714127406,0.049832994953547795,0.19064551422319476,0.5015043763676149,-0.15667652786274439,0.6891673427339033,10575.0,0.03820296158750917
random_geoloss,1701,deberta-v3-base,pareto_95,opposite_suppression,0.5,0.0,opposite_margin,0.0,0.2927015352964438,0.34281036834924966,0.232117770137924,0.28344082566849466,0.1185825350646031,0.043147482079182176,0.1810436634717785,0.5128556214818195,-0.12438202860452856,0.6745856386256048,9714.0,0.0343037545554708,0.2911112990952828,0.3456349648790278,0.23501452481621535,0.2798556268408565,0.11543422150261476,0.040705653076719486,0.19346772933270823,0.5114861697140178,-0.16606547561385288,0.6676260442933521,9499.0,0.03431583282456261
random_geoloss,1984,deberta-v3-base,standard,none,0.0,0.0,none,,0.2972749664946729,0.34190430159497337,0.22598925466665756,0.2804208301002214,0.14351369494026714,0.05270123271249789,0.18250995083118707,0.5077265277452587,-0.0812413126773157,0.7039414553980238,12079.0,0.04265545102692318,0.2920001725053301,0.34023464458247066,0.23499610598828471,0.28709932173727687,0.1389477423071654,0.050218860849237164,0.19473558837541685,0.5029776083849452,-0.14018194825652275,0.6921442115413478,11847.0,0.04279815469760956
random_geoloss,1984,deberta-v3-base,f1,none,0.0,0.0,none,,0.2972749664946729,0.34190430159497337,0.22598925466665756,0.2804208301002214,0.14351369494026714,0.05270123271249789,0.18250995083118707,0.5077265277452587,-0.0812413126773157,0.7039414553980238,12079.0,0.04265545102692318,0.2920001725053301,0.34023464458247066,0.23499610598828471,0.28709932173727687,0.1389477423071654,0.050218860849237164,0.19473558837541685,0.5029776083849452,-0.14018194825652275,0.6921442115413478,11847.0,0.04279815469760956
random_geoloss,1984,deberta-v3-base,pareto_99,none,0.0,0.0,opposite_margin,0.0,0.2944557755652028,0.34131946181163414,0.22598925466665756,0.2804208301002214,0.14351369494026714,0.05270123271249789,0.1848180677540778,0.5067754077791718,-0.11579702035965837,0.7029903354319369,11382.0,0.0401940842444275,0.28913139233595847,0.3408373230111032,0.23499610598828471,0.28709932173727687,0.1389477423071654,0.050218860849237164,0.19709517135940885,0.5061791310995031,-0.17429383773182142,0.6953457342559056,11195.0,0.04044275697136313
random_geoloss,1984,deberta-v3-base,pareto_98,none,0.0,0.0,opposite_margin,0.0,0.2944557755652028,0.34131946181163414,0.22598925466665756,0.2804208301002214,0.14351369494026714,0.05270123271249789,0.1848180677540778,0.5067754077791718,-0.11579702035965837,0.7029903354319369,11382.0,0.0401940842444275,0.28913139233595847,0.3408373230111032,0.23499610598828471,0.28709932173727687,0.1389477423071654,0.050218860849237164,0.19709517135940885,0.5061791310995031,-0.17429383773182142,0.6953457342559056,11195.0,0.04044275697136313
random_geoloss,1984,deberta-v3-base,pareto_95,opposite_suppression,1.0,0.0,none,,0.2829296238744846,0.3376203997550248,0.22696690840977365,0.2787686178727628,0.1016211813953723,0.03569465906082707,0.1842355175688509,0.5275403608736942,-0.1150220276379341,0.6648562013298935,9350.0,0.033018334887137325,0.28801653969241947,0.3429252511493274,0.23390763608119228,0.28255732990074817,0.09828244887333175,0.03386874552394462,0.19467446013963305,0.5241110569897711,-0.16185404596784916,0.6562622513870475,9180.0,0.033163421973837745
schwartz_geoloss,7,deberta-v3-base,standard,none,0.0,0.0,none,,0.30424361114555337,0.35168164831835164,0.2281477557696274,0.28730622896429897,0.14506820775674828,0.05488501103375774,0.16837462705928136,0.5314567388766377,-0.0669126516732452,0.7314099576671437,11191.0,0.03951959205582394,0.294924219325862,0.341954468019204,0.23650823770966795,0.28912541613378656,0.14282107147262713,0.052820355373954866,0.18425196850393702,0.5233595800524934,-0.10974908548608937,0.7190010068990753,10932.0,0.03949265021982508
schwartz_geoloss,7,deberta-v3-base,f1,none,0.0,0.0,none,,0.30424361114555337,0.35168164831835164,0.2281477557696274,0.28730622896429897,0.14506820775674828,0.05488501103375774,0.16837462705928136,0.5314567388766377,-0.0669126516732452,0.7314099576671437,11191.0,0.03951959205582394,0.294924219325862,0.341954468019204,0.23650823770966795,0.28912541613378656,0.14282107147262713,0.052820355373954866,0.18425196850393702,0.5233595800524934,-0.10974908548608937,0.7190010068990753,10932.0,0.03949265021982508
schwartz_geoloss,7,deberta-v3-base,pareto_99,none,0.0,0.0,none,,0.30424361114555337,0.35168164831835164,0.2281477557696274,0.28730622896429897,0.14506820775674828,0.05488501103375774,0.16837462705928136,0.5314567388766377,-0.0669126516732452,0.7314099576671437,11191.0,0.03951959205582394,0.294924219325862,0.341954468019204,0.23650823770966795,0.28912541613378656,0.14282107147262713,0.052820355373954866,0.18425196850393702,0.5233595800524934,-0.10974908548608937,0.7190010068990753,10932.0,0.03949265021982508
schwartz_geoloss,7,deberta-v3-base,pareto_98,none,0.0,0.0,opposite_margin,0.0,0.2994212030386729,0.35174839644113387,0.2281477557696274,0.28730622896429897,0.14506820775674828,0.05488501103375774,0.16828302144515778,0.5301188362245595,-0.09814765461211762,0.7300720550150654,10721.0,0.03785984687967907,0.29294787627583707,0.34251281780220943,0.23650823770966795,0.28912541613378656,0.14282107147262713,0.052820355373954866,0.18287292817679557,0.5280386740331492,-0.13833784442719155,0.7236801008797311,10480.0,0.03785976713353154
schwartz_geoloss,7,deberta-v3-base,pareto_95,opposite_suppression,1.0,-0.05,opposite_margin,0.0,0.28963288478208743,0.20876646411055247,0.22663010540143114,0.28275234612483174,0.10260485898311567,0.03708397279666826,0.14419310614962788,0.5676654915785351,-0.04247020210363854,0.707354323358319,23808.0,0.08407492160352573,0.2903363216099478,0.20614035087719298,0.23196542879962437,0.2812181603674131,0.10084674972310399,0.03570249488211586,0.14981922638799466,0.5660938041701749,-0.04813133495459788,0.7026430487753947,23481.0,0.08482683130366929
schwartz_geoloss,11,deberta-v3-base,standard,none,0.0,0.0,none,,0.3087950373214163,0.36643014436016635,0.2361830640804507,0.29521656995243734,0.12097678630980209,0.04417255530232696,0.18292079207920792,0.5178217821782178,-0.10517355546296672,0.6829711237903469,11824.0,0.041754950984546714,0.3047625520628521,0.35678316797128184,0.24359239187380508,0.2953309816876903,0.11867576640313376,0.041712164495966514,0.1925373134328358,0.511318407960199,-0.14598968978378302,0.6717063388592993,11618.0,0.0419708754348635
schwartz_geoloss,11,deberta-v3-base,f1,none,0.0,0.0,none,,0.3087950373214163,0.36643014436016635,0.2361830640804507,0.29521656995243734,0.12097678630980209,0.04417255530232696,0.18292079207920792,0.5178217821782178,-0.10517355546296672,0.6829711237903469,11824.0,0.041754950984546714,0.3047625520628521,0.35678316797128184,0.24359239187380508,0.2953309816876903,0.11867576640313376,0.041712164495966514,0.1925373134328358,0.511318407960199,-0.14598968978378302,0.6717063388592993,11618.0,0.0419708754348635
schwartz_geoloss,11,deberta-v3-base,pareto_99,none,0.0,0.0,opposite_margin,0.1,0.3074289948841062,0.365775827682489,0.2361830640804507,0.29521656995243734,0.12097678630980209,0.04417255530232696,0.1834897775491835,0.5166516651665166,-0.12502487219250577,0.6818010067786456,11445.0,0.04041656072548521,0.3023231060827653,0.356523062871061,0.24359239187380508,0.2953309816876903,0.11867576640313376,0.041712164495966514,0.1936814958091554,0.5127014829142489,-0.16222539609254555,0.6730894138133492,11268.0,0.04070647481494594
schwartz_geoloss,11,deberta-v3-base,pareto_98,none,0.0,0.0,opposite_margin,0.1,0.3074289948841062,0.365775827682489,0.2361830640804507,0.29521656995243734,0.12097678630980209,0.04417255530232696,0.1834897775491835,0.5166516651665166,-0.12502487219250577,0.6818010067786456,11445.0,0.04041656072548521,0.3023231060827653,0.356523062871061,0.24359239187380508,0.2953309816876903,0.11867576640313376,0.041712164495966514,0.1936814958091554,0.5127014829142489,-0.16222539609254555,0.6730894138133492,11268.0,0.04070647481494594
schwartz_geoloss,11,deberta-v3-base,pareto_95,opposite_suppression,1.0,0.0,none,,0.29389122105749427,0.3603953798311861,0.23627031785879216,0.29260994603183094,0.08695400946165525,0.03028341596711709,0.18368010403120935,0.5373862158647594,-0.132086853166058,0.6546236412935318,9397.0,0.03318430940475182,0.2964699928839864,0.355490516125401,0.2419158164291761,0.2907404537400989,0.08559696769762522,0.02857442191603576,0.1946515397082658,0.5262560777957861,-0.1713539918503114,0.6404274674094471,9328.0,0.033698082807402885
schwartz_geoloss,42,deberta-v3-base,standard,none,0.0,0.0,none,,0.29887870907038094,0.3359403419425246,0.22849700100631887,0.2906646252385693,0.12587850611586193,0.04719963582833946,0.17817693816455044,0.5084133374625787,-0.08968972520890414,0.6814914794067801,13381.0,0.047253298302116,0.2944126435357875,0.33532090708483964,0.23092838374523353,0.28869764561611877,0.12360674469118983,0.045630246452438426,0.1863494455807945,0.5041446872645065,-0.11531220703088822,0.6733816784081347,12860.0,0.04645769134897096
schwartz_geoloss,42,deberta-v3-base,f1,none,0.0,0.0,none,,0.29887870907038094,0.3359403419425246,0.22849700100631887,0.2906646252385693,0.12587850611586193,0.04719963582833946,0.17817693816455044,0.5084133374625787,-0.08968972520890414,0.6814914794067801,13381.0,0.047253298302116,0.2944126435357875,0.33532090708483964,0.23092838374523353,0.28869764561611877,0.12360674469118983,0.045630246452438426,0.1863494455807945,0.5041446872645065,-0.11531220703088822,0.6733816784081347,12860.0,0.04645769134897096
schwartz_geoloss,42,deberta-v3-base,pareto_99,none,0.0,0.0,none,,0.29887870907038094,0.3359403419425246,0.22849700100631887,0.2906646252385693,0.12587850611586193,0.04719963582833946,0.17817693816455044,0.5084133374625787,-0.08968972520890414,0.6814914794067801,13381.0,0.047253298302116,0.2944126435357875,0.33532090708483964,0.23092838374523353,0.28869764561611877,0.12360674469118983,0.045630246452438426,0.1863494455807945,0.5041446872645065,-0.11531220703088822,0.6733816784081347,12860.0,0.04645769134897096
schwartz_geoloss,42,deberta-v3-base,pareto_98,none,0.0,0.0,opposite_margin,0.1,0.2946563034257453,0.3377957952295654,0.22849700100631887,0.2906646252385693,0.12587850611586193,0.04719963582833946,0.17993348115299335,0.5054323725055433,-0.1289740940920072,0.6785105144497448,12603.0,0.044505890329688956,0.2919595691784781,0.3383674064002331,0.23092838374523353,0.28869764561611877,0.12360674469118983,0.045630246452438426,0.18685121107266436,0.5051903114186851,-0.1502886076175769,0.6744273025623133,12154.0,0.04390721466993725
schwartz_geoloss,42,deberta-v3-base,pareto_95,opposite_suppression,1.0,0.0,opposite_margin,0.1,0.28544971191514296,0.3355937549282448,0.22916029273286823,0.28932903109146957,0.09143220306347162,0.03279520299906724,0.1786703601108033,0.5249307479224377,-0.1348689654643357,0.6491581539849766,10412.0,0.03676865271068169,0.28906391278871907,0.3421736306559861,0.23026924566555004,0.28532006627748563,0.09009921764166742,0.031877669460979245,0.19008144269924374,0.5200698080279232,-0.15981587323969473,0.6420466951305699,10037.0,0.03625939720603589
schwartz_geoloss,1701,deberta-v3-base,standard,none,0.0,0.0,none,,0.30461826520523594,0.34865843376481676,0.23235066978775723,0.2876289747656588,0.13511655380693766,0.04900208848135783,0.1773049645390071,0.5131267886027124,-0.06410107377659346,0.6972454308910079,11552.0,0.04079441760601181,0.29248263263753904,0.3373969345945672,0.23572051080349848,0.28399202348128993,0.13149574058587213,0.04655151622122795,0.18899312070043778,0.5046904315196998,-0.11979020423286646,0.6827376883267999,11330.0,0.040930454353331334
schwartz_geoloss,1701,deberta-v3-base,f1,none,0.0,0.0,opposite_margin,0.1,0.30480208276473886,0.349933801812812,0.23235066978775723,0.2876289747656588,0.13511655380693766,0.04900208848135783,0.17876432617573443,0.5100777236200764,-0.103574779809188,0.6941963659083719,11027.0,0.038940446930530837,0.2937666762160941,0.3394657520008315,0.23572051080349848,0.28399202348128993,0.13149574058587213,0.04655151622122795,0.1894653044978108,0.5051081332094998,-0.15380505801648336,0.6831553900165999,10803.0,0.03902662827705546
schwartz_geoloss,1701,deberta-v3-base,pareto_99,none,0.0,0.0,opposite_margin,0.1,0.30480208276473886,0.349933801812812,0.23235066978775723,0.2876289747656588,0.13511655380693766,0.04900208848135783,0.17876432617573443,0.5100777236200764,-0.103574779809188,0.6941963659083719,11027.0,0.038940446930530837,0.2937666762160941,0.3394657520008315,0.23572051080349848,0.28399202348128993,0.13149574058587213,0.04655151622122795,0.1894653044978108,0.5051081332094998,-0.15380505801648336,0.6831553900165999,10803.0,0.03902662827705546
schwartz_geoloss,1701,deberta-v3-base,pareto_98,opposite_suppression,0.5,0.0,opposite_margin,0.1,0.29908444925068267,0.3489715488851698,0.23199023889202006,0.2861177246775823,0.1136429960820266,0.04023061348084694,0.181437125748503,0.517065868263473,-0.1169737145158303,0.6709394778263466,9912.0,0.03500296635308077,0.28931834948827734,0.3406769366683231,0.23528720032726813,0.2822964183817869,0.11058020031401884,0.03813771211590834,0.18961591012600576,0.5154091392136025,-0.15944752730411824,0.6641270516435297,9672.0,0.03494080798812186
schwartz_geoloss,1701,deberta-v3-base,pareto_95,opposite_suppression,1.0,0.0,opposite_margin,0.0,0.29390766255243894,0.34563931790779123,0.23188013477676983,0.2843410080401967,0.09649231474173835,0.03341150471774128,0.18098688750862663,0.5279503105590062,-0.12575001743196215,0.6578541300184858,8806.0,0.03109726813006752,0.28481309233076024,0.33966898649043803,0.23466124167823776,0.2800812720853502,0.09388312297785086,0.03160681001056231,0.19214732453092426,0.5253648366921473,-0.17203942742915146,0.6508547696805604,8660.0,0.031284883909960225
schwartz_geoloss,1984,deberta-v3-base,standard,none,0.0,0.0,none,,0.29672793968760364,0.34232304546782205,0.22560597839495367,0.28242874061560125,0.13814981134007237,0.049402883178241035,0.19500891265597148,0.5023172905525847,-0.12265510927613969,0.689869985070898,11931.0,0.04213280786507331,0.29266172297708837,0.3390249938134125,0.23126547899029778,0.2853943154430004,0.13565676370153693,0.04809824846634128,0.20153458817887543,0.5032969667905527,-0.15613170301197846,0.6870519789584308,11766.0,0.04250553626842864
schwartz_geoloss,1984,deberta-v3-base,f1,none,0.0,0.0,none,,0.29672793968760364,0.34232304546782205,0.22560597839495367,0.28242874061560125,0.13814981134007237,0.049402883178241035,0.19500891265597148,0.5023172905525847,-0.12265510927613969,0.689869985070898,11931.0,0.04213280786507331,0.29266172297708837,0.3390249938134125,0.23126547899029778,0.2853943154430004,0.13565676370153693,0.04809824846634128,0.20153458817887543,0.5032969667905527,-0.15613170301197846,0.6870519789584308,11766.0,0.04250553626842864
schwartz_geoloss,1984,deberta-v3-base,pareto_99,none,0.0,0.0,none,,0.29672793968760364,0.34232304546782205,0.22560597839495367,0.28242874061560125,0.13814981134007237,0.049402883178241035,0.19500891265597148,0.5023172905525847,-0.12265510927613969,0.689869985070898,11931.0,0.04213280786507331,0.29266172297708837,0.3390249938134125,0.23126547899029778,0.2853943154430004,0.13565676370153693,0.04809824846634128,0.20153458817887543,0.5032969667905527,-0.15613170301197846,0.6870519789584308,11766.0,0.04250553626842864
schwartz_geoloss,1984,deberta-v3-base,pareto_98,none,0.0,0.0,none,,0.29672793968760364,0.34232304546782205,0.22560597839495367,0.28242874061560125,0.13814981134007237,0.049402883178241035,0.19500891265597148,0.5023172905525847,-0.12265510927613969,0.689869985070898,11931.0,0.04213280786507331,0.29266172297708837,0.3390249938134125,0.23126547899029778,0.2853943154430004,0.13565676370153693,0.04809824846634128,0.20153458817887543,0.5032969667905527,-0.15613170301197846,0.6870519789584308,11766.0,0.04250553626842864
schwartz_geoloss,1984,deberta-v3-base,pareto_95,opposite_suppression,1.0,0.0,none,,0.2824299086478845,0.33920089410449844,0.22591904389719392,0.27985450252398697,0.09961566454905732,0.0340595465950035,0.19491118578972635,0.5221635461673868,-0.1411574433274205,0.6558387573114477,9284.0,0.032785264287934004,0.28750246775485483,0.3425595743476538,0.230103840675925,0.28041272892303953,0.09774511104296003,0.03309032113158552,0.1967107384714608,0.5251531763947114,-0.17459330037164558,0.6559886085692569,9228.0,0.03333682548742644
schwartz_geosmooth,7,deberta-v3-base,standard,none,0.0,0.0,none,,0.16400815145505235,0.16582655516095773,0.1087378341731338,0.12377967135428454,0.6284208856923237,0.2074000837395201,0.38248611704399826,0.2959419051687313,-0.32725828429098575,1.1317628746005752,26305.0,0.09289275927338475,0.16180506024975316,0.16538952745849297,0.11651812238407473,0.13357592352092404,0.6172350363604545,0.1991124871949309,0.4061042997755137,0.2889397340701088,-0.35418899072047655,1.1052872576254942,26013.0,0.0939738666454729
schwartz_geosmooth,7,deberta-v3-base,f1,none,0.0,0.0,none,,0.16400815145505235,0.16582655516095773,0.1087378341731338,0.12377967135428454,0.6284208856923237,0.2074000837395201,0.38248611704399826,0.2959419051687313,-0.32725828429098575,1.1317628746005752,26305.0,0.09289275927338475,0.16180506024975316,0.16538952745849297,0.11651812238407473,0.13357592352092404,0.6172350363604545,0.1991124871949309,0.4061042997755137,0.2889397340701088,-0.35418899072047655,1.1052872576254942,26013.0,0.0939738666454729
schwartz_geosmooth,7,deberta-v3-base,pareto_99,none,0.0,0.0,none,,0.16400815145505235,0.16582655516095773,0.1087378341731338,0.12377967135428454,0.6284208856923237,0.2074000837395201,0.38248611704399826,0.2959419051687313,-0.32725828429098575,1.1317628746005752,26305.0,0.09289275927338475,0.16180506024975316,0.16538952745849297,0.11651812238407473,0.13357592352092404,0.6172350363604545,0.1991124871949309,0.4061042997755137,0.2889397340701088,-0.35418899072047655,1.1052872576254942,26013.0,0.0939738666454729
schwartz_geosmooth,7,deberta-v3-base,pareto_98,none,0.0,0.0,none,,0.16400815145505235,0.16582655516095773,0.1087378341731338,0.12377967135428454,0.6284208856923237,0.2074000837395201,0.38248611704399826,0.2959419051687313,-0.32725828429098575,1.1317628746005752,26305.0,0.09289275927338475,0.16180506024975316,0.16538952745849297,0.11651812238407473,0.13357592352092404,0.6172350363604545,0.1991124871949309,0.4061042997755137,0.2889397340701088,-0.35418899072047655,1.1052872576254942,26013.0,0.0939738666454729
schwartz_geosmooth,7,deberta-v3-base,pareto_95,none,0.0,0.0,none,,0.16400815145505235,0.16582655516095773,0.1087378341731338,0.12377967135428454,0.6284208856923237,0.2074000837395201,0.38248611704399826,0.2959419051687313,-0.32725828429098575,1.1317628746005752,26305.0,0.09289275927338475,0.16180506024975316,0.16538952745849297,0.11651812238407473,0.13357592352092404,0.6172350363604545,0.1991124871949309,0.4061042997755137,0.2889397340701088,-0.35418899072047655,1.1052872576254942,26013.0,0.0939738666454729
schwartz_geosmooth,11,deberta-v3-base,standard,none,0.0,0.0,none,,0.1555225499034607,0.14924484785358233,0.10295598184207848,0.11507464662551359,0.7553714248004602,0.2663359031802883,0.38055255548200534,0.3021286973487092,-0.38566786289418764,1.3238360253294577,31712.0,0.11198689154448117,0.15666034549707858,0.1514713216957606,0.11003319513906455,0.12447508200235168,0.7426564648151533,0.2557614319942235,0.3892537730575741,0.2967789267747345,-0.41214634454990295,1.2951968235841114,31661.0,0.11437768007774257
schwartz_geosmooth,11,deberta-v3-base,f1,none,0.0,0.0,none,,0.1555225499034607,0.14924484785358233,0.10295598184207848,0.11507464662551359,0.7553714248004602,0.2663359031802883,0.38055255548200534,0.3021286973487092,-0.38566786289418764,1.3238360253294577,31712.0,0.11198689154448117,0.15666034549707858,0.1514713216957606,0.11003319513906455,0.12447508200235168,0.7426564648151533,0.2557614319942235,0.3892537730575741,0.2967789267747345,-0.41214634454990295,1.2951968235841114,31661.0,0.11437768007774257
schwartz_geosmooth,11,deberta-v3-base,pareto_99,none,0.0,0.0,none,,0.1555225499034607,0.14924484785358233,0.10295598184207848,0.11507464662551359,0.7553714248004602,0.2663359031802883,0.38055255548200534,0.3021286973487092,-0.38566786289418764,1.3238360253294577,31712.0,0.11198689154448117,0.15666034549707858,0.1514713216957606,0.11003319513906455,0.12447508200235168,0.7426564648151533,0.2557614319942235,0.3892537730575741,0.2967789267747345,-0.41214634454990295,1.2951968235841114,31661.0,0.11437768007774257
schwartz_geosmooth,11,deberta-v3-base,pareto_98,none,0.0,0.0,none,,0.1555225499034607,0.14924484785358233,0.10295598184207848,0.11507464662551359,0.7553714248004602,0.2663359031802883,0.38055255548200534,0.3021286973487092,-0.38566786289418764,1.3238360253294577,31712.0,0.11198689154448117,0.15666034549707858,0.1514713216957606,0.11003319513906455,0.12447508200235168,0.7426564648151533,0.2557614319942235,0.3892537730575741,0.2967789267747345,-0.41214634454990295,1.2951968235841114,31661.0,0.11437768007774257
schwartz_geosmooth,11,deberta-v3-base,pareto_95,opposite_suppression,0.5,-0.05,none,,0.15150538273724948,0.14314424961061145,0.10395430780364648,0.1168843470536126,0.596957685431224,0.20675476604678272,0.37663162350948987,0.3109786213222324,-0.3741490806951592,1.1146910728002393,31195.0,0.11016117185072181,0.1539203218100346,0.1467130820846577,0.11068508516278668,0.12486256303990073,0.5868294736307033,0.19790962335909912,0.3846262590563704,0.3042233610178477,-0.3989018646028335,1.08896245800765,31203.0,0.11272312155225045
schwartz_geosmooth,42,deberta-v3-base,standard,none,0.0,0.0,none,,0.16677863811541005,0.15995801626869588,0.11316100618623455,0.13234506967956136,0.674945269990732,0.22337119944162545,0.4042191221503913,0.3116328305168047,-0.3466592956879644,1.2099492999491621,29499.0,0.10417196372573947,0.1670210425923244,0.15995558258202683,0.11951154861802862,0.1367936803526745,0.6706358286192586,0.21630945569015397,0.41769414621192,0.3014150764444782,-0.36846662315312395,1.1883603607538906,29384.0,0.1061518509018789
schwartz_geosmooth,42,deberta-v3-base,f1,none,0.0,0.0,none,,0.16677863811541005,0.15995801626869588,0.11316100618623455,0.13234506967956136,0.674945269990732,0.22337119944162545,0.4042191221503913,0.3116328305168047,-0.3466592956879644,1.2099492999491621,29499.0,0.10417196372573947,0.1670210425923244,0.15995558258202683,0.11951154861802862,0.1367936803526745,0.6706358286192586,0.21630945569015397,0.41769414621192,0.3014150764444782,-0.36846662315312395,1.1883603607538906,29384.0,0.1061518509018789
schwartz_geosmooth,42,deberta-v3-base,pareto_99,none,0.0,0.0,none,,0.16677863811541005,0.15995801626869588,0.11316100618623455,0.13234506967956136,0.674945269990732,0.22337119944162545,0.4042191221503913,0.3116328305168047,-0.3466592956879644,1.2099492999491621,29499.0,0.10417196372573947,0.1670210425923244,0.15995558258202683,0.11951154861802862,0.1367936803526745,0.6706358286192586,0.21630945569015397,0.41769414621192,0.3014150764444782,-0.36846662315312395,1.1883603607538906,29384.0,0.1061518509018789
schwartz_geosmooth,42,deberta-v3-base,pareto_98,opposite_suppression,0.5,-0.05,opposite_margin,0.1,0.16360416404633563,0.15292912848252502,0.11370251931293034,0.1330103861806231,0.5391989173009367,0.1744239217144935,0.39235692771084335,0.32661897590361444,-0.3318698951382884,1.0402418149190447,29472.0,0.10407661666242903,0.16775092979478498,0.15579671784012705,0.11979505635769452,0.1366794015369985,0.5358972847905231,0.1684654570060434,0.4070762936586105,0.3172210015910296,-0.3563635014737785,1.021583743387596,29341.0,0.10599651025428902
schwartz_geosmooth,42,deberta-v3-base,pareto_95,opposite_suppression,0.5,-0.05,opposite_margin,0.1,0.16360416404633563,0.15292912848252502,0.11370251931293034,0.1330103861806231,0.5391989173009367,0.1744239217144935,0.39235692771084335,0.32661897590361444,-0.3318698951382884,1.0402418149190447,29472.0,0.10407661666242903,0.16775092979478498,0.15579671784012705,0.11979505635769452,0.1366794015369985,0.5358972847905231,0.1684654570060434,0.4070762936586105,0.3172210015910296,-0.3563635014737785,1.021583743387596,29341.0,0.10599651025428902
schwartz_geosmooth,1701,deberta-v3-base,standard,none,0.0,0.0,none,,0.17192655332095633,0.17214673538571781,0.1190421991521081,0.13709469652951334,0.8147945999055319,0.26554004339528564,0.4251497005988024,0.31679498146564017,-0.3980310420398273,1.3971296247664577,27672.0,0.09772014577506569,0.17361026914253827,0.17342098693517516,0.12400026666418971,0.14584514676385646,0.807372906003471,0.25747460120006743,0.4368618802581067,0.3059299191374663,-0.42583400497751545,1.3707774263410046,27612.0,0.09975037119189628
schwartz_geosmooth,1701,deberta-v3-base,f1,none,0.0,0.0,opposite_margin,0.0,0.1719838015169844,0.1729114626699972,0.1190421991521081,0.13709469652951334,0.8147945999055319,0.26554004339528564,0.4259381171823568,0.31751974983541803,-0.4035756157023331,1.3978543931362357,27419.0,0.09682670847811961,0.17343469451720817,0.17372857701110925,0.12400026666418971,0.14584514676385646,0.807372906003471,0.25747460120006743,0.43740473738414004,0.30673532440782697,-0.43171269168315746,1.3715828316113654,27387.0,0.09893754222194927
schwartz_geosmooth,1701,deberta-v3-base,pareto_99,none,0.0,0.0,none,,0.17192655332095633,0.17214673538571781,0.1190421991521081,0.13709469652951334,0.8147945999055319,0.26554004339528564,0.4251497005988024,0.31679498146564017,-0.3980310420398273,1.3971296247664577,27672.0,0.09772014577506569,0.17361026914253827,0.17342098693517516,0.12400026666418971,0.14584514676385646,0.807372906003471,0.25747460120006743,0.4368618802581067,0.3059299191374663,-0.42583400497751545,1.3707774263410046,27612.0,0.09975037119189628
schwartz_geosmooth,1701,deberta-v3-base,pareto_98,none,0.0,0.0,none,,0.17192655332095633,0.17214673538571781,0.1190421991521081,0.13709469652951334,0.8147945999055319,0.26554004339528564,0.4251497005988024,0.31679498146564017,-0.3980310420398273,1.3971296247664577,27672.0,0.09772014577506569,0.17361026914253827,0.17342098693517516,0.12400026666418971,0.14584514676385646,0.807372906003471,0.25747460120006743,0.4368618802581067,0.3059299191374663,-0.42583400497751545,1.3707774263410046,27612.0,0.09975037119189628
schwartz_geosmooth,1701,deberta-v3-base,pareto_95,none,0.0,0.0,none,,0.17192655332095633,0.17214673538571781,0.1190421991521081,0.13709469652951334,0.8147945999055319,0.26554004339528564,0.4251497005988024,0.31679498146564017,-0.3980310420398273,1.3971296247664577,27672.0,0.09772014577506569,0.17361026914253827,0.17342098693517516,0.12400026666418971,0.14584514676385646,0.807372906003471,0.25747460120006743,0.4368618802581067,0.3059299191374663,-0.42583400497751545,1.3707774263410046,27612.0,0.09975037119189628
schwartz_geosmooth,1984,deberta-v3-base,standard,none,0.0,0.0,none,,0.16956930452605587,0.17708333333333334,0.11613858170473357,0.12412636789965859,0.67311001937707,0.22928684874188215,0.43938256544993903,0.28469550530167964,-0.38605775041996837,1.187092373420632,24221.0,0.08553337853490409,0.166551199979266,0.17794253938832252,0.12087177905157337,0.1298613105543712,0.6559526120585564,0.2170689928219006,0.45370766234383164,0.28288442354282456,-0.4069265566711306,1.1559060284232816,23931.0,0.0864524892435633
schwartz_geosmooth,1984,deberta-v3-base,f1,none,0.0,0.0,none,,0.16956930452605587,0.17708333333333334,0.11613858170473357,0.12412636789965859,0.67311001937707,0.22928684874188215,0.43938256544993903,0.28469550530167964,-0.38605775041996837,1.187092373420632,24221.0,0.08553337853490409,0.166551199979266,0.17794253938832252,0.12087177905157337,0.1298613105543712,0.6559526120585564,0.2170689928219006,0.45370766234383164,0.28288442354282456,-0.4069265566711306,1.1559060284232816,23931.0,0.0864524892435633
schwartz_geosmooth,1984,deberta-v3-base,pareto_99,none,0.0,0.0,none,,0.16956930452605587,0.17708333333333334,0.11613858170473357,0.12412636789965859,0.67311001937707,0.22928684874188215,0.43938256544993903,0.28469550530167964,-0.38605775041996837,1.187092373420632,24221.0,0.08553337853490409,0.166551199979266,0.17794253938832252,0.12087177905157337,0.1298613105543712,0.6559526120585564,0.2170689928219006,0.45370766234383164,0.28288442354282456,-0.4069265566711306,1.1559060284232816,23931.0,0.0864524892435633
schwartz_geosmooth,1984,deberta-v3-base,pareto_98,opposite_suppression,0.5,-0.05,none,,0.16701757273664153,0.17300374346440614,0.11729408738838445,0.12680002143341976,0.5385122005321201,0.17984325975924237,0.4343564735131,0.29546758462421113,-0.3646658250552522,1.0138230449155736,23712.0,0.08373590982286634,0.16619217226982438,0.17579530169852045,0.12142089127204432,0.13140930922643865,0.5246140049735399,0.1696673777645095,0.44473938223938225,0.2947876447876448,-0.3790893406978795,0.9890690275256941,23530.0,0.08500384739045774
schwartz_geosmooth,1984,deberta-v3-base,pareto_95,opposite_suppression,0.5,-0.05,none,,0.16701757273664153,0.17300374346440614,0.11729408738838445,0.12680002143341976,0.5385122005321201,0.17984325975924237,0.4343564735131,0.29546758462421113,-0.3646658250552522,1.0138230449155736,23712.0,0.08373590982286634,0.16619217226982438,0.17579530169852045,0.12142089127204432,0.13140930922643865,0.5246140049735399,0.1696673777645095,0.44473938223938225,0.2947876447876448,-0.3790893406978795,0.9890690275256941,23530.0,0.08500384739045774
