method,model_slug,objective,delta_macro_f1_mean,delta_macro_f1_std,delta_macro_f1_count,delta_micro_f1_mean,delta_micro_f1_std,delta_micro_f1_count,delta_macro_auprc_mean,delta_macro_auprc_std,delta_macro_auprc_count,delta_micro_auprc_mean,delta_micro_auprc_std,delta_micro_auprc_count,delta_circular_error_mean,delta_circular_error_std,delta_circular_error_count,delta_opposite_value_activation_mean,delta_opposite_value_activation_std,delta_opposite_value_activation_count,delta_neighbor_error_rate_mean,delta_neighbor_error_rate_std,delta_neighbor_error_rate_count,delta_opposite_error_rate_mean,delta_opposite_error_rate_std,delta_opposite_error_rate_count,delta_confusion_distance_correlation_mean,delta_confusion_distance_correlation_std,delta_confusion_distance_correlation_count,delta_geometry_cost_mean,delta_geometry_cost_std,delta_geometry_cost_count,delta_n_predictions_mean,delta_n_predictions_std,delta_n_predictions_count,delta_prediction_rate_mean,delta_prediction_rate_std,delta_prediction_rate_count
asl,deberta-v3-base,f1,8.846693528731242e-05,0.00028487988432104855,5,0.0004295329681526239,0.0007253787512496163,5,0.0,0.0,5,0.0,0.0,5,0.0,0.0,5,0.0,0.0,5,0.0007261742873576948,0.0010589249218185869,5,-0.000989131873124016,0.0013789941033294586,5,-0.010651161789963937,0.014900061910057985,5,-0.000989131873124016,0.001378994103329466,5,-166.6,228.5012034979247,5,-0.0006018546950807585,0.0008254773238705271,5
asl,deberta-v3-base,pareto_95,-0.0035044279428053547,0.0017831565146986987,5,-0.00497049118023789,0.008625581982488634,5,-0.010350810624086482,0.00964341323872043,5,-0.014249637889258227,0.012836464736158324,5,-0.09023354357656777,0.03396650496183276,5,-0.038396733820665975,0.013949718943381479,5,0.0036708561349232892,0.002767136210422908,5,7.235411505380762e-05,0.010544246624944853,5,-0.03299266099907981,0.009053605038974958,5,-0.12855792328217994,0.046826352756247414,5,-797.6,825.672937669632,5,-0.002881388384132132,0.0029828039263961035,5
asl,deberta-v3-base,pareto_98,-0.0004672640790812532,0.0007034728635428416,5,-0.005025773817642321,0.011392924129230498,5,-0.005847766405401078,0.008114596231683452,5,-0.008656815021395902,0.011854705509970741,5,-0.01633020424664089,0.022790528474048777,5,-0.007038824091820284,0.009761887936919709,5,0.001249196658290469,0.0014810538886533575,5,-0.004605571683642562,0.008323962069290593,5,-0.02119641895697546,0.011185026917021636,5,-0.027974600022103703,0.03508748637473573,5,64.2,894.4901899965141,5,0.00023192719942487992,0.003231411287833627,5
asl,deberta-v3-base,pareto_99,-0.0006711419409337505,0.0014272603634334345,5,3.0451050920843324e-05,0.0012241764916662069,5,0.0,0.0,5,0.0,0.0,5,0.0,0.0,5,0.0,0.0,5,0.001105207121674967,0.0008587108568511891,5,-0.001006200008800262,0.0020064006350328364,5,-0.023486530092942787,0.013877712278621144,5,-0.001006200008800273,0.0020064006350328204,5,-354.6,212.55775685681292,5,-0.0012810184566364763,0.0007678804558229717,5
bce,deberta-v3-base,f1,0.0,0.0,5,0.0,0.0,5,0.0,0.0,5,0.0,0.0,5,0.0,0.0,5,0.0,0.0,5,0.0,0.0,5,0.0,0.0,5,0.0,0.0,5,0.0,0.0,5,0.0,0.0,5,0.0,0.0,5
bce,deberta-v3-base,pareto_95,-0.00461352812975554,0.0019882910855865245,5,-0.004442375330217019,0.01622006128733502,5,-0.001445259046263836,0.000905639083581571,5,-0.004213731465959958,0.002027412480203726,5,-0.0315244174269199,0.01070238365894748,5,-0.01282988410590626,0.004096770095784174,5,0.00041737007849246277,0.002725247549298587,5,0.01025165426001754,0.006398144290891182,5,-0.029617418915818188,0.017710217273334813,5,-0.03410264727280865,0.014452158967160426,5,-1164.0,2038.3094711058966,5,-0.004205035204525832,0.007363542168143233,5
bce,deberta-v3-base,pareto_98,-0.0009993103100914501,0.001529766760890139,5,0.0009065301323054498,0.001183496129998364,5,0.0,0.0,5,0.0,0.0,5,0.0,0.0,5,0.0,0.0,5,0.0005341824585856303,0.0013081856487139369,5,0.0003218811954443401,0.0013954433450048026,5,-0.023767583498083184,0.01421203415288878,5,0.00032188119544431795,0.0013954433450048091,5,-415.0,243.75192306933704,5,-0.0014992178779022508,0.000880571664671335,5
bce,deberta-v3-base,pareto_99,-0.0009993103100914501,0.001529766760890139,5,0.0009065301323054498,0.001183496129998364,5,0.0,0.0,5,0.0,0.0,5,0.0,0.0,5,0.0,0.0,5,0.0005341824585856303,0.0013081856487139369,5,0.0003218811954443401,0.0013954433450048026,5,-0.023767583498083184,0.01421203415288878,5,0.00032188119544431795,0.0013954433450048091,5,-415.0,243.75192306933704,5,-0.0014992178779022508,0.000880571664671335,5
empirical_structure,deberta-v3-base,f1,-7.957941489028508e-05,0.0001779449813043364,5,8.767882882008138e-05,0.00019605582142926965,5,0.0,0.0,5,0.0,0.0,5,0.0,0.0,5,0.0,0.0,5,-6.239852873334284e-05,0.00013952735194372844,5,-2.2573465493547217e-05,5.0475803331317415e-05,5,-0.0035158071313148463,0.007861583741398526,5,-2.2573465493547217e-05,5.0475803331317415e-05,5,-66.8,149.36934089698596,5,-0.00024131988974426534,0.0005396076777909317,5
empirical_structure,deberta-v3-base,pareto_95,-0.002873708936458419,0.0025640652289767064,5,0.003666190584085094,0.002447452148420923,5,-0.0005388520941552455,0.0010374649372834669,5,-0.0029597056681575974,0.0012543061214796002,5,-0.025649727145864908,0.007886559407184525,5,-0.010387021069018065,0.0030369091191725555,5,0.002658861015184566,0.0009722405408528847,5,0.011265096883794012,0.006510612627425174,5,-0.03036545977384082,0.0030895239307745406,5,-0.02477165133108892,0.004944225311172128,5,-1977.2,467.9825851460714,5,-0.007142779730574292,0.0016906213450551876,5
empirical_structure,deberta-v3-base,pareto_98,0.00017557419914617788,0.0009774116196739557,5,0.0013853585781082756,0.0012650145107189583,5,0.0,0.0,5,0.0,0.0,5,0.0,0.0,5,0.0,0.0,5,0.0005002149638180797,0.0014971177404946316,5,0.0008922613905377741,0.002436476051431405,5,-0.027383126134413256,0.005384856415867453,5,0.0008922613905377741,0.002436476051431405,5,-500.6,62.07898195041539,5,-0.001808454143802088,0.00022426486646273279,5
empirical_structure,deberta-v3-base,pareto_99,0.00017557419914617788,0.0009774116196739557,5,0.0013853585781082756,0.0012650145107189583,5,0.0,0.0,5,0.0,0.0,5,0.0,0.0,5,0.0,0.0,5,0.0005002149638180797,0.0014971177404946316,5,0.0008922613905377741,0.002436476051431405,5,-0.027383126134413256,0.005384856415867453,5,0.0008922613905377741,0.002436476051431405,5,-500.6,62.07898195041539,5,-0.001808454143802088,0.00022426486646273279,5
random_geoloss,deberta-v3-base,f1,0.0,0.0,5,0.0,0.0,5,0.0,0.0,5,0.0,0.0,5,0.0,0.0,5,0.0,0.0,5,0.0,0.0,5,0.0,0.0,5,0.0,0.0,5,0.0,0.0,5,0.0,0.0,5,0.0,0.0,5
random_geoloss,deberta-v3-base,pareto_95,-0.0037895153299174365,0.001532488209075839,5,0.0019902921962304475,0.0014766419954256014,5,-0.0007296687538190016,0.001530113473482713,5,-0.00267782023213331,0.001652178671955549,5,-0.0259010708096034,0.009195775218750262,5,-0.010607207436848492,0.003645587956605386,5,0.0027158050813889502,0.0025093537932607177,5,0.010649772318896744,0.005949069739249107,5,-0.030149087068240394,0.014898274284942763,5,-0.02585850592755512,0.008096177457957003,5,-1818.2,509.369904882493,5,-0.00656838059181174,0.0018401360671450651,5
random_geoloss,deberta-v3-base,pareto_98,-0.001000352996653009,0.0015031471964029686,5,0.0003083872141612876,0.0014831371329200342,5,0.0,0.0,5,0.0,0.0,5,0.0,0.0,5,0.0,0.0,5,0.0009277789055293084,0.0011609404962190774,5,0.0020513411867353116,0.002361148127028186,5,-0.029832424347381585,0.010925489386124471,5,0.0020513411867353337,0.0023611481270281566,5,-548.8,133.03646116760623,5,-0.0019825801720307333,0.0004806039542056006,5
random_geoloss,deberta-v3-base,pareto_99,-0.0011526416994877664,0.0013056249369087715,5,5.546395829669759e-06,0.0013211101908762418,5,0.0,0.0,5,0.0,0.0,5,0.0,0.0,5,0.0,0.0,5,0.0010131884168778694,0.0010464077090902454,5,0.0009382917037354499,0.0014112184306838969,5,-0.02443558880218761,0.017419078171804832,5,0.0009382917037354721,0.001411218430683869,5,-429.2,272.96281798076456,5,-0.0015505164173389042,0.000986098160769494,5
schwartz_geoloss,deberta-v3-base,f1,0.00025680871571100996,0.0005742417455442364,5,0.0004137634812528601,0.0009252032706883551,5,0.0,0.0,5,0.0,0.0,5,0.0,0.0,5,0.0,0.0,5,9.443675947460318e-05,0.00021116701376001,5,8.354033795998639e-05,0.00018680187454183565,5,-0.006802970756723381,0.015211905060976664,5,8.354033795998639e-05,0.00018680187454183565,5,-105.4,235.68156482847783,5,-0.0003807652152551744,0.0008514169047779098,5
schwartz_geoloss,deberta-v3-base,pareto_95,-0.006211596634172123,0.0016541132842456336,5,-0.024889482597326658,0.06207722799819295,5,-0.0018198859747979134,0.0015647692217713575,5,-0.004953540193699724,0.0017626727762784485,5,-0.03681698355423045,0.003652259560051675,5,-0.014792162721730067,0.001524511274008376,5,-0.006051232919798255,0.01623378355016593,5,0.023225525898658294,0.011302179253752891,5,-0.0157922076599591,0.04539965334040945,5,-0.028383620377302198,0.006729333601506216,5,445.6,6768.832565516745,5,0.0016097626178150442,0.02445290311987871,5
schwartz_geoloss,deberta-v3-base,pareto_98,-0.0020066293073365605,0.001199404467540435,5,0.0013249492143867947,0.0017059842263601127,5,-8.66620952460706e-05,0.00019378233604277524,5,-0.00033912101990061225,0.000758297653096828,5,-0.004183108054370657,0.009353713966799676,5,-0.0016827608210639208,0.003762767585772287,5,0.00017793939332319542,0.0009607586420522446,5,0.003565300156557405,0.00436560463383135,5,-0.02389163778156103,0.01599152423073253,5,-0.002300568718877183,0.00928429941198357,5,-633.2,626.3969987156707,5,-0.0022874813500908557,0.002262905009973125,5
schwartz_geoloss,deberta-v3-base,pareto_99,-0.00023108048030634487,0.001353945499225959,5,0.0003617424612086917,0.0009609073943955829,5,0.0,0.0,5,0.0,0.0,5,0.0,0.0,5,0.0,0.0,5,0.0003232732347385192,0.0005023900196287726,5,0.0003601553287699621,0.0005997523918199067,5,-0.010050112018475887,0.015129314916294635,5,0.0003601553287699621,0.0005997523918199067,5,-175.4,248.1950845605126,5,-0.0006336453392386865,0.0008966229107965822,5
schwartz_geosmooth,deberta-v3-base,f1,-3.511492506602099e-05,7.851935947243421e-05,5,6.151801518681776e-05,0.00013755846379858894,5,0.0,0.0,5,0.0,0.0,5,0.0,0.0,5,0.0,0.0,5,0.00010857142520667162,0.0002427730871761519,5,0.0001610810540721319,0.00036018818679260623,5,-0.0011757373411284023,0.0026290286184479667,5,0.00016108105407215413,0.00036018818679265594,5,-45.0,100.62305898749054,5,-0.00016256579398940264,0.000363508166176531,5
schwartz_geosmooth,deberta-v3-base,pareto_95,-0.00047383283880500504,0.0013272884232877489,5,-0.002212868408560953,0.0022396259099767665,5,0.00029690199677179506,0.0003025340863911216,5,0.00036424017878810275,0.0006885031865716111,5,-0.08438082841964041,0.07759789794478186,5,-0.030619484475325216,0.028262293496883376,5,-0.004842729331792528,0.004932610612089773,5,0.007030716126896974,0.0070671546724356705,5,0.010636963519933207,0.011522667138870724,5,-0.10796959676806868,0.0998679996070736,5,-180.4,228.96135045024522,5,-0.0006517082052375112,0.0008271396384184362,5
schwartz_geosmooth,deberta-v3-base,pareto_98,7.417189860379204e-05,0.0003981610452286205,5,-0.0012612204863403698,0.0018677125087992288,5,0.00016652399202737034,0.00024660173839479934,5,0.0002867439712782915,0.0007067971793790412,5,-0.05321543018275039,0.07287814291069118,5,-0.019049122748300333,0.02608455449463913,5,-0.003917226531551787,0.0053954963251358675,5,0.005541829278274335,0.007712888353169546,5,0.007988067530519316,0.012271410199787395,5,-0.0667227236527764,0.09136385460128801,5,-88.8,175.5155263787224,5,-0.00032079650013908665,0.0006340626867383291,5
schwartz_geosmooth,deberta-v3-base,pareto_99,0.0,0.0,5,0.0,0.0,5,0.0,0.0,5,0.0,0.0,5,0.0,0.0,5,0.0,0.0,5,0.0,0.0,5,0.0,0.0,5,0.0,0.0,5,0.0,0.0,5,0.0,0.0,5,0.0,0.0,5
